feature_set,n_clusters,global_positive_rate,min_cluster_n,max_cluster_n,size_imbalance,max_positive_rate,min_positive_rate,max_lift
top_01,4,0.4976,232,3087,13.306034482758621,0.5772646536412078,0.34051724137931033,1.1600977766101443
top_03,4,0.4976,572,2470,4.318181818181818,0.5843949044585988,0.38286713286713286,1.1744270587994348
top_04,4,0.4976,565,2484,4.396460176991151,0.5858267716535434,0.3805309734513274,1.1773046054130696
top_05,4,0.4976,581,2497,4.29776247848537,0.5875796178343949,0.38209982788296043,1.1808272062588323
top_08,4,0.4976,576,2463,4.276041666666667,0.5816164817749604,0.3802083333333333,1.1688434119271713
top_10,4,0.4976,569,2432,4.274165202108963,0.5756630265210608,0.37785588752196836,1.1568790725905564
top_15,4,0.4976,588,2398,4.078231292517007,0.5776,0.3792517006802721,1.1607717041800643
top_20,4,0.4976,574,2494,4.344947735191638,0.5853269537480064,0.3867595818815331,1.1763001482074082
top_26,4,0.4976,559,2040,3.6493738819320214,0.5691573926868044,0.3828264758497317,1.1438050496117453
