rank,sample_index,probability,expected_value
1,4134,0.7354275870713015,6.031413806069523
2,1691,0.7215640705584814,5.823461058377221
3,2916,0.7144858598082843,5.717287897124264
4,4403,0.693771908593417,5.406578628901254
5,588,0.6870172809400872,5.305259214101308
6,1983,0.6834461948249434,5.251692922374151
7,4874,0.6813972359082082,5.2209585386231225
8,1499,0.679867079162684,5.19800618744026
9,4706,0.679731091094057,5.195966366410856
10,1653,0.6761137675616974,5.1417065134254605
11,4928,0.6729493685914895,5.094240528872342
12,493,0.6716497943072082,5.074746914608122
13,1622,0.6680170312687526,5.020255469031289
14,594,0.6661683601888281,4.99252540283242
15,2371,0.6637580824153309,4.9563712362299635
16,2680,0.6630699277291835,4.946048915937752
17,3167,0.6621336230765668,4.932004346148501
18,218,0.6594573436541868,4.891860154812802
19,3257,0.6568530515429845,4.852795773144766
20,4210,0.6523349769321397,4.785024653982096
21,2303,0.6515860328610119,4.773790492915178
22,1804,0.6493831610312154,4.740747415468231
23,3546,0.6483766544951531,4.725649817427296
24,155,0.646461836068633,4.696927541029494
25,3676,0.6461415031394495,4.692122547091742
26,2957,0.6455340365574244,4.683010548361365
27,2323,0.6452975252163939,4.67946287824591
28,2188,0.6439485629904126,4.659228444856188
29,2063,0.6437717548211674,4.656576322317512
30,453,0.6392965430334226,4.58944814550134
31,2938,0.6387099789833802,4.580649684750703
32,2417,0.638138590039262,4.57207885058893
33,4768,0.6381192745720885,4.571789118581327
34,421,0.6376323615567431,4.5644854233511465
35,4912,0.6374579388973882,4.561869083460824
36,4221,0.6370014767043659,4.555022150565488
37,3286,0.6350855551492247,4.52628332723837
38,2042,0.634505698061537,4.517585470923055
39,4253,0.6337233542374332,4.505850313561497
40,4659,0.6326827807791051,4.490241711686577
41,2121,0.631113764746322,4.466706471194829
42,4520,0.6279150435261472,4.418725652892209
43,3877,0.6255656080591663,4.383484120887495
44,2326,0.6249517549477804,4.374276324216707
45,1421,0.6239786569878449,4.359679854817673
46,3258,0.6220333266622878,4.330499899934318
47,3184,0.6218311865410808,4.327467798116212
48,1479,0.6207595062115624,4.311392593173436
49,2348,0.6202445629621672,4.303668444432509
50,2581,0.6200213354062308,4.300320031093462
51,4563,0.6193770357283653,4.290655535925479
52,4442,0.6174557308885307,4.26183596332796
53,4865,0.6170587309776044,4.255880964664066
54,4458,0.6158034583330608,4.237051874995913
55,207,0.615592298494324,4.233884477414859
56,1094,0.615365429670063,4.230481445050945
57,2426,0.6153342585773041,4.230013878659562
58,2855,0.6149890121622877,4.224835182434315
59,4634,0.6148411090319961,4.222616635479941
60,3631,0.6129598655762047,4.1943979836430705
61,1852,0.6119455996360067,4.1791839945401
62,2272,0.6108737805275549,4.1631067079133235
63,4192,0.6098179549527974,4.147269324291962
64,360,0.6097229540033025,4.1458443100495375
65,1244,0.6092576570335185,4.138864855502778
66,2433,0.6068839476135848,4.103259214203772
67,3518,0.6062642267628581,4.093963401442871
68,2962,0.6062614561062353,4.093921841593529
69,3119,0.6061079700038293,4.09161955005744
70,2651,0.6060772434265564,4.091158651398346
71,621,0.6057469863915625,4.086204795873439
72,98,0.6043168457770273,4.064752686655409
73,2848,0.6039645000597349,4.059467500896023
74,2160,0.6036785290558683,4.055177935838024
75,3330,0.603418637049971,4.051279555749565
76,1220,0.6033328415068333,4.049992622602499
77,1276,0.6032106164948815,4.048159247423223
78,1692,0.6024230695613295,4.036346043419943
79,2266,0.602189086231982,4.03283629347973
80,238,0.6019652098105926,4.0294781471588905
81,20,0.6016488334755983,4.024732502133974
82,71,0.600942368391273,4.014135525869095
83,3085,0.6006147640581171,4.009221460871756
84,3822,0.6002848202555443,4.004272303833164
85,3766,0.6000018645624485,4.0000279684367275
86,4729,0.5998448621168049,3.9976729317520725
87,2532,0.5998168707232306,3.9972530608484593
88,2653,0.5995422324085733,3.9931334861285994
89,4295,0.5990472676150634,3.985709014225952
90,2524,0.5987311746608824,3.980967619913237
91,1255,0.5985966799611615,3.9789501994174232
92,1219,0.5977492246621371,3.9662383699320567
93,3956,0.5973212569544961,3.959818854317441
94,2881,0.5969474154264867,3.9542112313973
95,4528,0.5966190989880104,3.949286484820155
96,1414,0.5965027430986348,3.947541146479522
97,1442,0.5960635610964098,3.940953416446147
98,3580,0.5957663499460135,3.9364952491902034
99,1070,0.5952459479378818,3.9286892190682265
100,909,0.5949661312233412,3.924491968350117
101,3087,0.5949609355683505,3.924414033525257
102,1656,0.5948713270952778,3.923069906429167
103,1775,0.5946194778767864,3.9192921681517956
104,595,0.5944667930990079,3.917001896485118
105,4080,0.5944178645780609,3.9162679686709128
106,172,0.5943091428789483,3.9146371431842244
107,4895,0.5940601491622685,3.910902237434027
108,3463,0.5935576729538754,3.903365094308131
109,640,0.5935340990480905,3.903011485721358
110,1654,0.5933669273576506,3.9005039103647596
111,2948,0.5929288363985723,3.8939325459785845
112,3679,0.5925226494791834,3.8878397421877517
113,3034,0.5924381608081242,3.8865724121218626
114,4357,0.5923600546251031,3.885400819376546
115,226,0.5922694785062447,3.8840421775936704
116,1918,0.5922079769176651,3.883119653764977
117,649,0.5920461775759971,3.880692663639957
118,3870,0.5920011350354228,3.880017025531342
119,4377,0.5914770362072121,3.872155543108182
120,2970,0.5912297055748093,3.8684455836221394
121,2629,0.5909654108742022,3.864481163113032
122,76,0.5907393149546998,3.8610897243204967
123,637,0.59057430138181,3.8586145207271496
124,3866,0.5904748508418772,3.857122762628159
125,2151,0.5901240622428747,3.851860933643121
126,726,0.5898288242714413,3.8474323640716195
127,3219,0.5896006680354339,3.8440100205315084
128,1846,0.5894253552197924,3.841380328296887
129,3519,0.5888373113650127,3.8325596704751907
130,4596,0.5888347374236953,3.8325210613554295
131,2824,0.5886908091437886,3.8303621371568286
132,1022,0.5882123577779873,3.8231853666698092
133,1361,0.5881087885860071,3.821631828790107
134,2228,0.587750806083644,3.8162620912546608
135,1921,0.5872973234513487,3.8094598517702303
136,4356,0.5870848936752974,3.80627340512946
137,3203,0.5862311853958865,3.793467780938297
138,466,0.5860739426454156,3.791109139681234
139,1991,0.5860391707968418,3.790587561952627
140,1212,0.5859094978146616,3.788642467219924
141,2315,0.5852680661705831,3.7790209925587464
142,4242,0.5849746443978452,3.774619665967678
143,4167,0.5847886663383479,3.771829995075218
144,2564,0.5847833710210898,3.7717505653163466
145,4892,0.5844574043851726,3.7668610657775883
146,4901,0.5844063897434346,3.7660958461515186
147,1738,0.5843454300145081,3.7651814502176224
148,811,0.5842194223327798,3.763291334991697
149,1828,0.5829840865356392,3.7447612980345877
150,4542,0.5829331768626336,3.7439976529395036
151,809,0.5827375410570635,3.741063115855953
152,3710,0.5824697553780699,3.7370463306710486
153,1207,0.5823928266491435,3.735892399737152
154,4858,0.5823191352115684,3.7347870281735256
155,1563,0.5817937587538189,3.726906381307284
156,72,0.5813744707140411,3.7206170607106177
157,2866,0.5812538781091663,3.7188081716374937
158,4916,0.5808668273200255,3.7130024098003815
159,3343,0.5806388407459039,3.7095826111885586
160,1455,0.5806165325789485,3.709247988684228
161,4387,0.5802904922303435,3.7043573834551515
162,4860,0.5799506429611951,3.699259644417927
163,2111,0.5796224292865473,3.694336439298209
164,978,0.5795621147039718,3.693431720559577
165,3648,0.5795133125818508,3.692699688727761
166,187,0.579069421241439,3.6860413186215855
167,144,0.5789885988417238,3.6848289826258567
168,3122,0.5787974721362388,3.6819620820435817
169,543,0.5787916677120754,3.68187501568113
170,3385,0.5787594406693495,3.681391610040243
171,779,0.5784968227240418,3.6774523408606266
172,3485,0.5783586165244099,3.6753792478661484
173,3335,0.5780999957724541,3.6714999365868115
174,2804,0.5779832138738906,3.6697482081083597
175,4976,0.5779312806724014,3.6689692100860207
176,1904,0.5777580136974194,3.666370205461291
177,1629,0.5777080938966792,3.665621408450188
178,304,0.5773386719843393,3.66008007976509
179,812,0.5764946046756698,3.6474190701350473
180,3774,0.5764418595582337,3.6466278933735046
181,2173,0.5762918982522272,3.6443784737834073
182,393,0.5762144454394978,3.643216681592468
183,305,0.5759453784663079,3.6391806769946187
184,3279,0.5759123219150638,3.6386848287259568
185,2287,0.5757305431739611,3.6359581476094163
186,85,0.5755219804233356,3.6328297063500337
187,4816,0.5754152006474849,3.631228009712273
188,2565,0.5753830623331335,3.6307459349970035
189,36,0.5753601417834062,3.6304021267510933
190,3150,0.5753574473654526,3.6303617104817887
191,3617,0.5749607414856021,3.624411122284031
192,1773,0.5749450558147504,3.624175837221257
193,2112,0.5749231635056256,3.6238474525843833
194,2964,0.5747278693378607,3.62091804006791
195,521,0.5745192992058509,3.617789488087763
196,3022,0.574474100392241,3.6171115058836154
197,1779,0.5741416288186346,3.612124432279519
198,3251,0.573671543199255,3.6050731479888243
199,3424,0.5736503577811696,3.6047553667175443
200,564,0.5736287151356413,3.604430727034619
201,2080,0.5733717195385531,3.600575793078297
202,3632,0.5732262448952788,3.5983936734291824
203,603,0.5732005841940659,3.598008762910989
204,2058,0.57285000763994,3.5927501145991
205,3060,0.5727957531909601,3.591936297864401
206,1522,0.5727397086505209,3.5910956297578136
207,934,0.5726937169082053,3.590405753623079
208,3560,0.5726546267830286,3.589819401745429
209,2355,0.5726461135042876,3.589691702564314
210,3016,0.572509757612265,3.587646364183975
211,328,0.5723996427342022,3.585994641013033
212,125,0.5722390242640589,3.583585363960884
213,4772,0.5721744981982453,3.5826174729736793
214,4005,0.5721259573396987,3.5818893600954813
215,1474,0.5720502513903402,3.580753770855102
216,3538,0.5718844547537962,3.5782668213069435
217,2030,0.5717644537232534,3.576466805848801
218,607,0.5717549279279425,3.5763239189191367
219,4655,0.5714597638902782,3.5718964583541726
220,3267,0.5713898795316424,3.570848192974637
221,3794,0.5713384453512766,3.5700766802691497
222,1486,0.5711253103484878,3.5668796552273165
223,632,0.5710402449782882,3.5656036746743234
224,3422,0.5710128015502866,3.5651920232542986
225,1970,0.5708488001519377,3.5627320022790663
226,3694,0.5706401296220479,3.5596019443307183
227,3514,0.5705527838611553,3.558291757917329
228,3804,0.5705044766609559,3.5575671499143384
229,4056,0.5703708065102074,3.555562097653112
230,2983,0.5701012067013863,3.551518100520795
231,4985,0.5697094195449514,3.54564129317427
232,1274,0.5696544254443621,3.5448163816654317
233,976,0.5693995770367121,3.5409936555506807
234,4093,0.5693218910157312,3.539828365235967
235,4407,0.5692422433896882,3.5386336508453224
236,4125,0.5690934590360196,3.5364018855402937
237,4726,0.5689753454516158,3.5346301817742365
238,1353,0.5688572807907882,3.532859211861824
239,848,0.568809417686888,3.53214126530332
240,2534,0.5687418442964612,3.531127664446919
241,1302,0.5687183432585238,3.530775148877857
242,481,0.5686133330297471,3.5291999954462066
243,50,0.5686075901999131,3.5291138529986967
244,4469,0.5683401266910483,3.5251019003657245
245,3784,0.5681911129573539,3.5228666943603084
246,4470,0.5681130537959106,3.5216958069386592
247,2434,0.5680410929252897,3.5206163938793456
248,2545,0.5676753577239991,3.5151303658599873
249,1461,0.5676215994856361,3.5143239922845413
250,4405,0.5676195340142964,3.5142930102144465
251,3276,0.5672323485807391,3.508485228711087
252,822,0.5670958552966767,3.506437829450151
253,2976,0.5670223075437737,3.5053346131566054
254,1655,0.566954862157609,3.5043229323641363
255,565,0.5669454971400845,3.5041824571012663
256,4643,0.566841739939182,3.50262609908773
257,3678,0.5668031567918593,3.5020473518778896
258,3910,0.5667626769057726,3.5014401535865893
259,1774,0.5665790995358887,3.498686493038331
260,2920,0.5661693787979529,3.492540681969294
261,4137,0.5661539018408503,3.4923085276127552
262,990,0.5657431529600931,3.4861472944013965
263,260,0.565446433956973,3.4816965093545957
264,833,0.5654350909093999,3.4815263636409988
265,3059,0.565419299095464,3.481289486431959
266,3503,0.5653067415046295,3.4796011225694414
267,755,0.5652823390534032,3.4792350858010472
268,3216,0.5652412287806299,3.478618431709448
269,3128,0.5651532681487412,3.4772990222311178
270,1763,0.5651363362312518,3.4770450434687765
271,4440,0.5651083029481143,3.476624544221714
272,4024,0.5650977421062685,3.476466131594028
273,4419,0.5650425964046379,3.4756389460695685
274,1734,0.5649328000200642,3.473992000300963
275,723,0.5647755491606868,3.4716332374103023
276,4449,0.5645607640924628,3.468411461386942
277,2862,0.5645432049929286,3.4681480748939304
278,1767,0.5642994257138073,3.46449138570711
279,89,0.5641534123500674,3.462301185251012
280,4875,0.5640757931207128,3.461136896810692
281,3390,0.5637491172610172,3.4562367589152583
282,2678,0.5637434122203213,3.4561511833048204
283,4042,0.5636731286388629,3.455096929582943
284,1602,0.5635586622621754,3.453379933932631
285,1559,0.5634973149634135,3.4524597244512023
286,3466,0.5633205539364381,3.4498083090465714
287,158,0.5629396590665772,3.444094885998658
288,4749,0.5627854796666217,3.4417821949993264
289,1424,0.5627493485341779,3.441240228012668
290,553,0.5627187091701614,3.4407806375524217
291,241,0.56263036455179,3.439455468276851
292,1091,0.5625063970995849,3.437595956493775
293,3324,0.5619125286344997,3.4286879295174955
294,3412,0.5616704432079551,3.4250566481193268
295,710,0.5616258938451765,3.4243884076776467
296,1092,0.5615584247443772,3.4233763711656584
297,4920,0.561514862122598,3.4227229318389707
298,4850,0.5614345083571846,3.4215176253577684
299,859,0.5613073964361253,3.4196109465418782
300,4611,0.5609088850142578,3.4136332752138676
301,1153,0.560601380748295,3.409020711224426
302,3140,0.560560754348788,3.4084113152318207
303,3739,0.5603599686095857,3.405399529143785
304,2230,0.5602535436644248,3.4038031549663725
305,1829,0.5601645647849767,3.4024684717746494
306,355,0.5600716548623897,3.4010748229358465
307,2203,0.5600565164236881,3.400847746355322
308,3919,0.560046396909897,3.4006959536484542
309,1067,0.5600345500082723,3.400518250124084
310,3353,0.5598627989239787,3.397941983859681
311,1756,0.5597816545147121,3.3967248177206804
312,4508,0.5597213604709665,3.395820407064498
313,2338,0.5596981518059725,3.3954722770895867
314,730,0.5596392814657741,3.3945892219866116
315,1938,0.5596117241263734,3.394175861895601
316,3785,0.5595511684044066,3.393267526066099
317,4629,0.559409248125569,3.3911387218835354
318,367,0.5592749799217689,3.3891246988265333
319,3976,0.5591456223784237,3.3871843356763547
320,1576,0.5589800705062294,3.3847010575934413
321,2510,0.5589318428729236,3.383977643093855
322,1388,0.5588572655674345,3.3828589835115177
323,3182,0.5586726084669351,3.3800891270040268
324,1899,0.5584347262855331,3.376520894282997
325,1565,0.5582774973234681,3.3741624598520215
326,566,0.5582556140782058,3.3738342111730875
327,2943,0.5582465826374999,3.3736987395624993
328,2618,0.5582278957915765,3.3734184368736475
329,1758,0.5581949171632934,3.3729237574494
330,4609,0.5581277350762927,3.3719160261443895
331,756,0.5580216812375732,3.370325218563598
332,2670,0.5579504523973109,3.3692567859596627
333,2548,0.5578491774958898,3.3677376624383477
334,2633,0.5578455438420794,3.3676831576311907
335,905,0.5578418408529248,3.367627612793872
336,3659,0.5577738441834544,3.366607662751816
337,3740,0.5577348836808808,3.3660232552132117
338,1696,0.5576647097535414,3.364970646303121
339,4279,0.5573502610547313,3.360253915820969
340,2856,0.5573174728247556,3.3597620923713345
341,2176,0.5572894282530948,3.3593414237964216
342,245,0.5572587032209012,3.358880548313518
343,1032,0.556985430251587,3.3547814537738043
344,4331,0.5569312537587596,3.3539688063813937
345,3886,0.5568667248878869,3.3530008733183037
346,1465,0.5566353052285385,3.349529578428078
347,4840,0.5565984378781942,3.348976568172913
348,2059,0.556583115403629,3.348746731054436
349,3053,0.5565575872282347,3.34836380842352
350,3297,0.5563319869658425,3.3449798044876378
351,3002,0.5563163443003237,3.3447451645048556
352,714,0.5560310144373186,3.34046521655978
353,876,0.556021406342187,3.3403210951328046
354,3623,0.5559859245981372,3.3397888689720587
355,1934,0.5559733080943567,3.339599621415352
356,391,0.5558353014461387,3.3375295216920806
357,4141,0.555700327427853,3.3355049114177957
358,808,0.5553845218677727,3.3307678280165898
359,2567,0.5553140477896141,3.329710716844212
360,383,0.5553040160455809,3.3295602406837133
361,3918,0.5552547549146996,3.3288213237204927
362,2009,0.5549777944888473,3.3246669173327095
363,3004,0.5548436343432084,3.322654515148125
364,1122,0.554823190890205,3.322347863353075
365,676,0.5547295635499978,3.320943453249967
366,3079,0.5547239970808766,3.320859956213149
367,3055,0.5546755155357652,3.3201327330364783
368,1137,0.5545353702102291,3.318030553153437
369,2153,0.5544912263522622,3.3173683952839337
370,2871,0.5544643589534164,3.3169653843012465
371,1834,0.5543820148065283,3.3157302220979243
372,1155,0.5541067080164948,3.3116006202474213
373,3076,0.5539790532770704,3.309685799156056
374,3579,0.5537474157801536,3.306211236702305
375,803,0.553674696635024,3.3051204495253597
376,4828,0.5536092073975352,3.304138110963028
377,4033,0.5534496155603293,3.3017442334049405
378,2474,0.5534096392594713,3.3011445888920696
379,1800,0.5533637819182319,3.3004567287734785
380,2756,0.5532491468536853,3.2987372028052797
381,2832,0.5530579382409628,3.295869073614443
382,1718,0.5530467971687743,3.2957019575316138
383,3207,0.5529934247272963,3.2949013709094443
384,2874,0.5527368815808082,3.2910532237121237
385,890,0.5527082565113501,3.2906238476702514
386,4153,0.5525958456777507,3.28893768516626
387,1416,0.552499319313697,3.2874897897054547
388,3666,0.5524206212159292,3.286309318238937
389,1226,0.552331385163951,3.284970777459265
390,2297,0.5522235108427034,3.2833526626405507
391,1170,0.552147039991593,3.2822055998738944
392,4652,0.5521261515397802,3.2818922730967026
393,786,0.5520490274442046,3.2807354116630685
394,3762,0.5519321038005002,3.2789815570075023
395,2282,0.5517837207565305,3.276755811347957
396,2515,0.5515337942258979,3.2730069133884685
397,3268,0.5515093301558082,3.272639952337123
398,2054,0.5514980754547517,3.272471131821276
399,3614,0.5514749974271334,3.272124961407001
400,1318,0.5514340592499802,3.271510888749704
401,753,0.5513069828747202,3.2696047431208033
402,940,0.5513042425874483,3.269563638811724
403,4742,0.5512178360521078,3.2682675407816175
404,4684,0.5511600295561266,3.2674004433419
405,2775,0.5511396396853482,3.267094595280223
406,3565,0.5511000006302912,3.266500009454368
407,593,0.551079025331595,3.2661853799739258
408,4487,0.5510662633604915,3.2659939504073714
409,2359,0.5509700473882747,3.2645507108241203
410,3204,0.5509602095993076,3.2644031439896137
411,1498,0.5507500395541941,3.2612505933129112
412,3702,0.5507353081122712,3.2610296216840684
413,4378,0.5506023079252831,3.2590346188792463
414,4427,0.5504222409031223,3.2563336135468353
415,1820,0.5504000977848681,3.256001466773021
416,627,0.5503856015443933,3.2557840231658997
417,2902,0.5503766697227969,3.2556500458419526
418,1024,0.5502053058496101,3.253079587744152
419,2423,0.5501582207382074,3.2523733110731112
420,971,0.550098891481855,3.251483372227824
421,1586,0.549851808021935,3.247777120329025
422,3629,0.5498132940287838,3.2471994104317567
423,1251,0.5497627882691395,3.2464418240370927
424,2293,0.5496690300651069,3.245035450976604
425,2194,0.5495654085967131,3.243481128950697
426,94,0.54952120506574,3.2428180759860994
427,3186,0.5493622255214309,3.240433382821463
428,3478,0.5493192382022158,3.2397885730332376
429,3075,0.5491475558377773,3.237213337566659
430,1581,0.5491377558233703,3.237066337350554
431,2288,0.5489965233160479,3.2349478497407187
432,937,0.5489412194264981,3.234118291397471
433,4857,0.5489382390655839,3.234073585983759
434,4006,0.548932286521051,3.233984297815765
435,1550,0.5488578457810124,3.2328676867151853
436,3642,0.5488368719541553,3.2325530793123294
437,737,0.5488131508095074,3.232197262142612
438,3215,0.5488116278012697,3.2321744170190456
439,3764,0.5487766229244568,3.231649343866853
440,2659,0.5486418885413528,3.2296283281202918
441,1844,0.5485672386583765,3.2285085798756477
442,375,0.5485502136585756,3.2282532048786345
443,826,0.5485248642960595,3.227872964440893
444,3396,0.5483302542140805,3.224953813211208
445,4877,0.5481951400052375,3.222927100078562
446,1398,0.5480752736878866,3.221129105318298
447,1150,0.5479978183235729,3.2199672748535932
448,4220,0.5479595709873473,3.219393564810209
449,2418,0.5477947721046521,3.216921581569781
450,702,0.5477760995878623,3.2166414938179346
451,2120,0.5477598966983496,3.216398450475243
452,4991,0.5476279393195452,3.214419089793178
453,2081,0.5471794095950944,3.207691143926416
454,2709,0.5471790367953756,3.2076855519306338
455,4021,0.5471533134869808,3.207299702304713
456,3782,0.5469691913272646,3.204537869908969
457,3403,0.5469506153407534,3.2042592301113006
458,1367,0.5469431463970973,3.2041471959564594
459,3235,0.5468188671224253,3.2022830068363803
460,2762,0.5467949554035416,3.2019243310531236
461,185,0.5467806926733324,3.2017103900999864
462,558,0.5467046494327474,3.200569741491212
463,3637,0.5466515338270161,3.199773007405242
464,3656,0.5466365614508939,3.199548421763409
465,4323,0.5466110459346329,3.199165689019494
466,3688,0.5465277530955981,3.1979162964339714
467,2875,0.5464366266724057,3.1965494000860843
468,4287,0.5463876118429951,3.1958141776449267
469,4161,0.5461506757309387,3.19226013596408
470,613,0.5460818195224222,3.1912272928363334
471,3357,0.5459787921629519,3.1896818824442783
472,3564,0.5459167763019483,3.1887516445292245
473,3915,0.5455473444583854,3.1832101668757806
474,686,0.5454944150462809,3.1824162256942143
475,414,0.5454773250869416,3.182159876304123
476,2068,0.5453747748832948,3.1806216232494213
477,2924,0.5452327371514021,3.178491057271031
478,4208,0.5452232340898513,3.17834851134777
479,74,0.5451537393891391,3.1773060908370874
480,1482,0.545145613588619,3.1771842038292846
481,29,0.5451204078748302,3.1768061181224527
482,2596,0.5449096556206166,3.1736448343092483
483,2345,0.5448486610287939,3.172729915431909
484,428,0.5446766872543348,3.170150308815022
485,3361,0.5446614087458409,3.169921131187613
486,2820,0.5445575692492092,3.168363538738138
487,12,0.5444127336853226,3.166191005279839
488,682,0.5442733491700689,3.164100237551033
489,78,0.5437564941019265,3.156347411528898
490,4052,0.5437421786218827,3.15613267932824
491,2279,0.5437054666737645,3.155582000106468
492,3626,0.5436138857273345,3.154208285910018
493,4616,0.5435789893535532,3.1536848403032973
494,4988,0.5434619990845554,3.1519299862683305
495,1297,0.543411163288905,3.1511674493335753
496,2601,0.5433502387276793,3.150253580915189
497,1719,0.5433276096261348,3.1499141443920227
498,4679,0.5433097310325646,3.149645965488469
499,2070,0.5432424330042025,3.1486364950630374
500,810,0.5430898045510384,3.146347068265576
501,4621,0.5430067749161968,3.145101623742951
502,3687,0.5429931613892295,3.1448974208384426
503,312,0.5429444303446922,3.144166455170383
504,3354,0.5427350338348914,3.141025507523371
505,2761,0.5427282961967647,3.14092444295147
506,2057,0.5426388261032618,3.1395823915489256
507,3082,0.5426087395041759,3.1391310925626374
508,1386,0.5425958299106796,3.1389374486601938
509,3,0.5425519836456322,3.1382797546844823
510,3645,0.5425519549206752,3.1382793238101288
511,31,0.5424771459663781,3.137157189495671
512,856,0.5423831047414923,3.135746571122385
513,2888,0.5423001410972877,3.134502116459316
514,4078,0.5422331356539248,3.133497034808873
515,3681,0.5421555359667402,3.132333039501102
516,1166,0.5420582051414137,3.1308730771212048
517,300,0.5418230670679882,3.127346006019824
518,3755,0.5416821287931106,3.1252319318966593
519,159,0.5416152899639934,3.1242293494599016
520,1670,0.5415754232120625,3.1236313481809383
521,4197,0.541519406899164,3.1227911034874607
522,3603,0.5415127650008523,3.122691475012785
523,1078,0.5415038365914357,3.1225575488715362
524,4608,0.5414566982530663,3.1218504737959942
525,2053,0.5414295429820444,3.121443144730665
526,3924,0.541422190696256,3.1213328604438395
527,1006,0.5414046083562131,3.1210691253431957
528,1003,0.5413670664515796,3.120505996773694
529,4118,0.5413247660764048,3.119871491146072
530,4759,0.5412526479826251,3.1187897197393757
531,1182,0.5412212910364602,3.1183193655469026
532,1989,0.5412140860360818,3.118211290541227
533,354,0.5411712087430295,3.117568131145442
534,2508,0.5411464526173118,3.117196789259677
535,4198,0.5411269883300632,3.116904824950949
536,2922,0.5411255431807608,3.116883147711412
537,2349,0.5410639717882116,3.1159595768231743
538,1328,0.5410369714522363,3.1155545717835436
539,75,0.5408585712069645,3.112878568104467
540,4686,0.540681800890975,3.1102270133646246
541,303,0.5406627976206234,3.1099419643093515
542,3980,0.5405848628556701,3.108772942835051
543,4181,0.5403611619812839,3.1054174297192585
544,4097,0.5403440350785114,3.1051605261776705
545,620,0.5401579363943391,3.1023690459150863
546,4345,0.5400981086148028,3.101471629222042
547,1375,0.5399678943846402,3.0995184157696025
548,3036,0.5399104011511112,3.0986560172666686
549,3901,0.5398986899534338,3.0984803493015076
550,2640,0.5398400815529577,3.0976012232943653
551,4108,0.5398115758088402,3.0971736371326024
552,2331,0.5397802616182997,3.0967039242744963
553,4960,0.5396872392883756,3.095308589325634
554,4642,0.5395049711766987,3.0925745676504803
555,2142,0.5394718128321732,3.0920771924825967
556,1338,0.5393416472842116,3.090124709263174
557,2481,0.5392127408374088,3.0881911125611317
558,2394,0.5391792532390037,3.0876887985850563
559,950,0.5391034434967586,3.08655165245138
560,2655,0.538972650658951,3.084589759884264
561,1769,0.5389216363730073,3.0838245455951094
562,3661,0.5389027674130004,3.0835415111950057
563,3161,0.5388580869705323,3.0828713045579845
564,547,0.5388331657182966,3.08249748577445
565,1213,0.5388313546603994,3.0824703199059913
566,1953,0.5388298344885056,3.0824475173275845
567,1245,0.5387393899466754,3.0810908492001308
568,1520,0.5386447144798824,3.079670717198236
569,3310,0.5385658761177661,3.078488141766491
570,3595,0.5385621760408904,3.0784326406133564
571,4312,0.5384437561361636,3.0766563420424533
572,1589,0.5383731903599417,3.075597855399125
573,4284,0.5383327276535389,3.074990914803083
574,3250,0.5382166005939593,3.073249008909389
575,2869,0.5381648617612019,3.0724729264180293
576,4751,0.5380915834000871,3.0713737510013064
577,2867,0.5380007019083158,3.0700105286247372
578,4303,0.5379328837311268,3.0689932559669026
579,479,0.5378945608530121,3.068418412795182
580,3948,0.537848929869153,3.0677339480372954
581,3667,0.5378478033680487,3.0677170505207307
582,1803,0.537812964661414,3.0671944699212106
583,3756,0.5376330151785047,3.0644952276775705
584,2079,0.5375728055585293,3.0635920833779386
585,3669,0.5375336909745596,3.063005364618394
586,1321,0.5374891072248863,3.062336608373294
587,4586,0.5374204284993152,3.0613064274897273
588,1959,0.5373932195115225,3.060898292672838
589,1280,0.537333232434748,3.05999848652122
590,2785,0.5372931963302439,3.0593979449536572
591,1127,0.5371531812798164,3.057297719197246
592,1827,0.537119684002612,3.05679526003918
593,827,0.5370749179498432,3.056123769247648
594,642,0.5369524195198501,3.0542862927977517
595,4168,0.5365613133749463,3.048419700624194
596,2311,0.5364947096647555,3.0474206449713335
597,1889,0.5364658625635937,3.046987938453906
598,3952,0.5364537405574646,3.0468061083619693
599,2569,0.5364019398040067,3.046029097060101
600,3769,0.5361609064079761,3.042413596119641
601,10,0.536109848779635,3.041647731694524
602,1189,0.5360343584200457,3.0405153763006845
603,4146,0.5360221370224011,3.040332055336016
604,3241,0.5360170524707141,3.0402557870607114
605,1973,0.5359893346446898,3.039840019670346
606,1694,0.5357709187495736,3.036563781243604
607,1019,0.5357699634513085,3.036549451769626
608,3517,0.5356961509599242,3.035442264398863
609,3073,0.5356745207182689,3.0351178107740333
610,3457,0.5356339193926148,3.0345087908892223
611,1673,0.535540131556481,3.033101973347214
612,4364,0.5355307428464469,3.0329611426967036
613,1105,0.5354760321045422,3.032140481568133
614,3129,0.5354718371540949,3.0320775573114225
615,3436,0.5354076776408421,3.0311151646126318
616,967,0.5352576186408575,3.028864279612862
617,2106,0.5352373960328359,3.0285609404925387
618,3115,0.5351993973041286,3.027990959561929
619,3716,0.5351831113632333,3.027746670448499
620,4571,0.5351578712147805,3.0273680682217083
621,3382,0.5351164454092909,3.0267466811393646
622,1770,0.5350095464391484,3.0251431965872273
623,3019,0.5349750218108009,3.024625327162014
624,2835,0.5348823147292004,3.023234720938007
625,2229,0.5348456066949928,3.022684100424892
626,2694,0.534725286928452,3.02087930392678
627,3477,0.5346575683629623,3.019863525444434
628,4755,0.5346524476963309,3.019786715444964
629,3329,0.5346492834761203,3.0197392521418043
630,2480,0.5345439646096356,3.0181594691445337
631,3134,0.5345341964421116,3.018012946631675
632,2184,0.5345150343839878,3.017725515759818
633,718,0.5345137126178279,3.017705689267418
634,3041,0.5344336578551614,3.016504867827421
635,2815,0.534386664482274,3.0157999672341105
636,2133,0.5343486513625046,3.0152297704375703
637,4747,0.5342733175606679,3.0140997634100177
638,2302,0.5342241185775292,3.0133617786629374
639,581,0.5341491277876899,3.012236916815348
640,3786,0.5341355236772628,3.0120328551589424
641,1291,0.5339708163606753,3.0095622454101294
642,4280,0.533951097115376,3.009266456730641
643,582,0.5339100404891741,3.0086506073376125
644,3541,0.5338755250995194,3.0081328764927915
645,4685,0.5338728658782746,3.0080929881741194
646,4587,0.5338010052812109,3.0070150792181636
647,4206,0.533788598468698,3.00682897703047
648,3890,0.5335676413468162,3.0035146202022434
649,3869,0.5335070859756202,3.0026062896343033
650,1996,0.5334964702388234,3.002447053582351
651,1839,0.5334047777007642,3.0010716655114633
652,1950,0.5333835332677964,3.000752999016946
653,2637,0.5333221173041689,2.999831759562534
654,407,0.5330914209754171,2.9963713146312556
655,448,0.5329807163903701,2.994710745855553
656,4453,0.5329711436823933,2.9945671552358997
657,3460,0.5329633640901829,2.994450461352743
658,3001,0.5329512750914612,2.9942691263719188
659,3225,0.5328922979693528,2.9933844695402914
660,1001,0.5328785340940256,2.9931780114103845
661,4559,0.5328666715960018,2.9930000739400264
662,480,0.532768564519575,2.991528467793625
663,237,0.5327054979621207,2.9905824694318115
664,266,0.5326031921868412,2.989047882802617
665,3600,0.5325938786540776,2.9889081798111645
666,1444,0.5325710898731135,2.988566348096702
667,1030,0.5325079480192716,2.9876192202890746
668,3709,0.5324516320784596,2.9867744811768944
669,3088,0.5324460473623818,2.9866907104357265
670,4390,0.5324187159706651,2.9862807395599775
671,2547,0.5324139885969111,2.9862098289536667
672,4555,0.53237951296226,2.9856926944339004
673,516,0.5323452238941302,2.985178358411953
674,4255,0.5323128679186148,2.9846930187792218
675,4983,0.532282376342985,2.984235645144776
676,3520,0.532269538904233,2.9840430835634955
677,3990,0.532242950488604,2.9836442573290602
678,4209,0.5322383348629237,2.9835750229438553
679,4620,0.5320131014481873,2.980196521722809
680,2115,0.5319756055969048,2.979634083953572
681,1204,0.531964519171334,2.9794677875700097
682,4790,0.5319382868115691,2.9790743021735357
683,2386,0.5318601119087014,2.9779016786305212
684,4261,0.5318520851202057,2.977781276803085
685,1195,0.5317500729110699,2.9762510936660482
686,3352,0.5317465563085882,2.9761983446288234
687,3554,0.5317226143453757,2.9758392151806357
688,2082,0.5317079150537228,2.975618725805843
689,1460,0.5315732953097718,2.973599429646578
690,1330,0.5315423636009605,2.9731354540144075
691,4721,0.5315393943813013,2.9730909157195193
692,1210,0.531530914471983,2.972963717079745
693,3760,0.531515295120554,2.9727294268083093
694,3136,0.5315143004336328,2.9727145065044915
695,3904,0.5314912451180698,2.9723686767710467
696,3444,0.5314489832092406,2.9717347481386085
697,2342,0.5314058780595469,2.9710881708932027
698,722,0.5313935322195793,2.970902983293689
699,388,0.5313700821817584,2.9705512327263754
700,351,0.5312890867545719,2.9693363013185774
701,3575,0.5311108309844838,2.9666624647672566
702,79,0.5310249797795824,2.9653746966937358
703,4971,0.5309712177187254,2.9645682657808803
704,442,0.5309098042483651,2.9636470637254764
705,1645,0.5309017751253208,2.963526626879812
706,400,0.5308348201237656,2.9625223018564846
707,21,0.5307748120558187,2.96162218083728
708,3653,0.5306906898114261,2.9603603471713913
709,540,0.5306805267493662,2.9602079012404925
710,233,0.5305862104264409,2.9587931563966148
711,3695,0.5305482917947208,2.9582243769208127
712,2676,0.5304880892353183,2.9573213385297747
713,4257,0.5304764596078854,2.95714689411828
714,2673,0.5304708959890051,2.957063439835076
715,1373,0.5304188105126663,2.9562821576899942
716,1686,0.5304080595153715,2.9561208927305733
717,4710,0.5303565090262622,2.955347635393933
718,1086,0.530354187146933,2.955312807203996
719,4014,0.530347210381717,2.955208155725754
720,2684,0.5303205827590801,2.954808741386202
721,2447,0.5303175595120457,2.954763392680686
722,4540,0.5302830179022501,2.9542452685337515
723,1221,0.5301889489949572,2.9528342349243575
724,1610,0.5301781072024915,2.9526716080373725
725,563,0.5301485477806984,2.952228216710477
726,1090,0.530140049711516,2.9521007456727397
727,1131,0.5301209876806184,2.9518148152092762
728,3173,0.530095009323712,2.9514251398556794
729,1830,0.530070749475853,2.9510612421377953
730,1556,0.5300434100253635,2.9506511503804522
731,1356,0.5298663291732478,2.947994937598718
732,1246,0.5298395621248558,2.947593431872838
733,4779,0.529822297806541,2.947334467098115
734,819,0.5297810148895211,2.9467152233428164
735,935,0.5297735383667278,2.9466030755009167
736,4839,0.529692361301134,2.9453854195170086
737,3670,0.5296308834100654,2.94446325115098
738,1496,0.5295647089043747,2.943470633565621
739,4732,0.529524220498106,2.9428633074715895
740,4961,0.5294544515896523,2.9418167738447845
741,3830,0.5294432655877861,2.9416489838167914
742,3868,0.5293476412840271,2.940214619260407
743,2927,0.5292797697142652,2.939196545713977
744,1974,0.5292460376375294,2.9386905645629406
745,3557,0.529106873059212,2.9366030958881804
746,2310,0.5290930496590106,2.9363957448851594
747,1906,0.528920224560307,2.9338033684046048
748,3819,0.5289076591236711,2.933614886855066
749,1712,0.5289064256894387,2.9335963853415796
750,1108,0.5288970525664645,2.9334557884969676
751,1703,0.5288782864847593,2.9331742972713895
752,2391,0.5288359166632205,2.932538749948307
753,2491,0.528732864715074,2.9309929707261095
754,2023,0.5287144996083203,2.9307174941248046
755,3891,0.5286844986094493,2.9302674791417402
756,1294,0.5286543054147425,2.9298145812211365
757,4385,0.5285857468116112,2.928786202174168
758,2549,0.5285781342953124,2.9286720144296856
759,2658,0.5285243193548385,2.927864790322577
760,2161,0.5284677869559259,2.927016804338888
761,1437,0.5284556969074937,2.9268354536124055
762,4029,0.5284215805753215,2.9263237086298224
763,774,0.5283816396887238,2.9257245953308564
764,4676,0.5283557594976719,2.925336392465078
765,721,0.528346052687132,2.9251907903069796
766,1042,0.5282997646800318,2.924496470200477
767,280,0.5282557102148233,2.9238356532223504
768,1527,0.5282424939130161,2.9236374086952415
769,1740,0.5282025575815922,2.923038363723883
770,4301,0.5281995901030669,2.9229938515460034
771,3540,0.5281777702983652,2.9226665544754775
772,688,0.5281736593981853,2.922604890972779
773,1393,0.5281627267831743,2.9224409017476143
774,49,0.5281232895389045,2.9218493430835686
775,762,0.5281212087233631,2.9218181308504465
776,3185,0.5280798835243945,2.9211982528659175
777,410,0.5280757552274058,2.921136328411087
778,1847,0.52800031413743,2.9200047120614494
779,1165,0.5279954436565298,2.919931654847948
780,2849,0.5279598609646348,2.9193979144695215
781,63,0.5279562117798033,2.9193431766970495
782,4750,0.5279035067680673,2.9185526015210095
783,2563,0.5279015494686532,2.918523242029798
784,3031,0.5278662890879273,2.91799433631891
785,2628,0.5278040897086064,2.917061345629096
786,2235,0.5277952631155068,2.916928946732603
787,2851,0.5277899980568104,2.9168499708521556
788,2552,0.5277839846657029,2.9167597699855436
789,378,0.5277383138654521,2.9160747079817817
790,3493,0.5277283357942495,2.9159250369137424
791,3682,0.5277149872975428,2.9157248094631427
792,2055,0.5276105513445124,2.914158270167686
793,4332,0.5275060676439713,2.9125910146595695
794,3749,0.5274845246868684,2.9122678703030256
795,3552,0.5274486721429664,2.911730082144496
796,4630,0.527436877282738,2.9115531592410697
797,1523,0.5274304624418044,2.911456936627065
798,116,0.5274002182775965,2.911003274163948
799,64,0.5273887748214748,2.9108316223221222
800,4803,0.5273887080596542,2.910830620894813
801,946,0.527353575545965,2.910303633189474
802,957,0.5273292146461398,2.9099382196920973
803,4925,0.527310207844768,2.90965311767152
804,1260,0.5273037676861969,2.9095565152929543
805,1793,0.5272343587099765,2.908515380649647
806,4866,0.5271118412775118,2.9066776191626764
807,4663,0.5271025488612664,2.906538232918996
808,3459,0.5270670551780626,2.9060058276709397
809,2542,0.5270498054813936,2.9057470822209033
810,3584,0.527016228683777,2.9052434302566543
811,4115,0.527009208225836,2.90513812338754
812,1103,0.5269734826092556,2.9046022391388338
813,1076,0.5269431752560795,2.9041476288411925
814,3971,0.5269164146893692,2.9037462203405378
815,2744,0.5268664100279615,2.9029961504194226
816,1900,0.526755251229362,2.901328768440429
817,2222,0.5267543687803408,2.901315531705112
818,573,0.5266554402818497,2.8998316042277468
819,133,0.5266172013651688,2.899258020477532
820,4437,0.5264935547217887,2.897403320826831
821,4185,0.5264682997877054,2.8970244968155803
822,1395,0.5264563276568065,2.896844914852098
823,4784,0.5264243784679571,2.896365677019356
824,2108,0.5264126984730808,2.896190477096212
825,1431,0.5264089219242273,2.896133828863409
826,1194,0.5263943606249563,2.895915409374344
827,77,0.5263729398605999,2.895594097908998
828,2250,0.5263591035129331,2.895386552693997
829,4483,0.5263327996251776,2.8949919943776647
830,2187,0.526217060454828,2.893255906822419
831,1794,0.5261935044358922,2.892902566538383
832,1790,0.5261482161213596,2.8922232418203944
833,546,0.5261476983732463,2.892215475598694
834,4072,0.5261285342335442,2.891928013503164
835,4879,0.5260981715491083,2.891472573236625
836,1250,0.5260973940943241,2.891460911414862
837,2892,0.5260878135820091,2.8913172037301367
838,4013,0.5260360448458385,2.890540672687578
839,4851,0.5260325615053689,2.8904884225805345
840,1822,0.5259906478580073,2.88985971787011
841,939,0.5257735365296559,2.886603047944838
842,1475,0.5257511767551845,2.8862676513277665
843,759,0.5256998624180574,2.8854979362708613
844,1087,0.5256892380991012,2.8853385714865176
845,3938,0.5256734485479269,2.8851017282189035
846,1234,0.5256723717234019,2.8850855758510283
847,3770,0.5255868776086376,2.8838031641295654
848,3882,0.5255567081677869,2.8833506225168035
849,3374,0.5255522004013635,2.883283006020452
850,1107,0.5255489937583271,2.8832349063749056
851,3743,0.5255283451199944,2.8829251767999153
852,2845,0.5255010311476717,2.8825154672150752
853,1301,0.5254741519753698,2.8821122796305483
854,4308,0.525451398335758,2.8817709750363707
855,3345,0.5254306622941178,2.8814599344117675
856,1381,0.5254120378765613,2.8811805681484195
857,1658,0.5252614308073708,2.878921462110561
858,4008,0.5252054490491492,2.878081735737238
859,4980,0.5251783258284074,2.8776748874261107
860,2526,0.5251725742104756,2.8775886131571338
861,1308,0.5251554615615035,2.8773319234225525
862,1350,0.5251295391151374,2.87694308672706
863,3245,0.5250528000962147,2.8757920014432203
864,2395,0.525041335732658,2.87562003598987
865,2353,0.5250036212744181,2.8750543191162716
866,587,0.5250008896760846,2.8750133451412694
867,3116,0.5249997104497756,2.8749956567466337
868,4927,0.5249900572762357,2.8748508591435353
869,3464,0.524919534364746,2.87379301547119
870,3911,0.5248956286124434,2.873434429186651
871,3012,0.5248827141479825,2.873240712219737
872,2825,0.5248600167548313,2.872900251322469
873,612,0.5247466853509508,2.8712002802642616
874,4700,0.52472783570773,2.8709175356159498
875,4046,0.5245852158416968,2.8687782376254516
876,337,0.5244835921774147,2.8672538826612204
877,2372,0.5244482693687758,2.8667240405316363
878,3158,0.5243990380539802,2.8659855708097037
879,3507,0.5243979267274882,2.8659689009123226
880,321,0.5243864530405195,2.865796795607792
881,3148,0.5243534685213411,2.8653020278201176
882,841,0.5243114416936754,2.8646716254051308
883,4482,0.5242922366197997,2.864383549296996
884,941,0.5242858241907857,2.864287362861786
885,4672,0.524246167572551,2.863692513588266
886,4215,0.5241211181101018,2.8618167716515264
887,4380,0.5241192413306254,2.861788619959381
888,90,0.5241037656062636,2.8615564840939536
889,3332,0.5240832322709859,2.861248484064787
890,896,0.5240831044296764,2.8612465664451467
891,2946,0.5240688406188562,2.861032609282842
892,3779,0.5240264819665268,2.860397229497902
893,4989,0.5239714053866757,2.8595710808001362
894,2325,0.5239560042783883,2.8593400641758246
895,837,0.5239515181737959,2.8592727726069382
896,3701,0.5239183238490455,2.858774857735682
897,1537,0.523893279294287,2.8583991894143046
898,1160,0.5238929262744106,2.8583938941161593
899,2543,0.5238884232068614,2.8583263481029206
900,2489,0.523844923184752,2.85767384777128
901,4094,0.5238007134493651,2.8570107017404758
902,776,0.523782252543158,2.8567337881473707
903,2343,0.5237385495540903,2.8560782433113534
904,2988,0.5236903738954515,2.855355608431773
905,1841,0.5236769775757303,2.855154663635954
906,3533,0.5236707437924065,2.8550611568860975
907,3677,0.5236619533824043,2.8549293007360643
908,2277,0.5235924301017805,2.8538864515267077
909,4277,0.5235505192111555,2.8532577881673324
910,4293,0.5235146006882806,2.8527190103242086
911,3772,0.5234579052741362,2.8518685791120424
912,1366,0.5234148574508823,2.851222861763236
913,291,0.5234076442162857,2.851114663244286
914,3511,0.5233713213547557,2.850569820321336
915,3947,0.5233468037886921,2.850202056830382
916,2627,0.5233464136118605,2.8501962041779074
917,4289,0.5232843462617021,2.8492651939255316
918,1902,0.5232799346531579,2.849199019797369
919,4485,0.5232614471856696,2.8489217077850437
920,4776,0.5232551795060281,2.848827692590421
921,4343,0.5232459606912149,2.8486894103682228
922,1071,0.523194749806297,2.8479212470944555
923,4713,0.5231599153193769,2.8473987297906533
924,2562,0.523091490500533,2.8463723575079958
925,248,0.5230508683708848,2.845763025563272
926,2504,0.5229810929595509,2.844716394393263
927,3261,0.5229620241106557,2.8444303616598363
928,2981,0.5229561545380242,2.844342318070364
929,1990,0.5229209472811841,2.843814209217762
930,4202,0.522870964176035,2.843064462640525
931,3346,0.5228402434122537,2.842603651183804
932,435,0.522823910110363,2.8423586516554447
933,525,0.5227935784737657,2.8419036771064863
934,4336,0.5227901230332909,2.8418518454993626
935,1023,0.5227763841605867,2.8416457624088007
936,2645,0.5227558353923146,2.841337530884719
937,2339,0.522719014806595,2.840785222098925
938,4067,0.5227120959920214,2.8406814398803206
939,4318,0.5226824497237276,2.840236745855914
