model_spec_id,base_model_family,model_kind,model_params
extra_trees_small_deep01,extra_trees_small,classifier,"{""class_weight"": ""balanced"", ""max_depth"": 3, ""min_samples_leaf"": 8, ""n_estimators"": 320}"
extra_trees_small_deep02,extra_trees_small,classifier,"{""class_weight"": ""balanced"", ""max_depth"": 4, ""min_samples_leaf"": 12, ""n_estimators"": 320}"
extra_trees_small_deep03,extra_trees_small,classifier,"{""class_weight"": ""balanced"", ""max_depth"": 5, ""min_samples_leaf"": 16, ""n_estimators"": 400}"
extra_trees_small_deep04,extra_trees_small,classifier,"{""class_weight"": ""balanced"", ""max_depth"": 6, ""min_samples_leaf"": 20, ""n_estimators"": 400}"
extra_trees_small_deep05,extra_trees_small,classifier,"{""class_weight"": ""balanced"", ""max_depth"": 7, ""min_samples_leaf"": 24, ""n_estimators"": 500}"
extra_trees_small_deep06,extra_trees_small,classifier,"{""class_weight"": ""balanced"", ""max_depth"": 8, ""min_samples_leaf"": 30, ""n_estimators"": 500}"
extra_trees_small_deep07,extra_trees_small,classifier,"{""class_weight"": ""balanced"", ""max_depth"": null, ""min_samples_leaf"": 35, ""n_estimators"": 400}"
extra_trees_small_deep08,extra_trees_small,classifier,"{""class_weight"": null, ""max_depth"": 5, ""min_samples_leaf"": 20, ""n_estimators"": 500}"
random_forest_small_deep01,random_forest_small,classifier,"{""class_weight"": ""balanced_subsample"", ""max_depth"": 4, ""min_samples_leaf"": 10, ""n_estimators"": 320}"
random_forest_small_deep02,random_forest_small,classifier,"{""class_weight"": ""balanced_subsample"", ""max_depth"": 5, ""min_samples_leaf"": 16, ""n_estimators"": 400}"
random_forest_small_deep03,random_forest_small,classifier,"{""class_weight"": ""balanced"", ""max_depth"": 6, ""min_samples_leaf"": 20, ""n_estimators"": 400}"
random_forest_small_deep04,random_forest_small,classifier,"{""class_weight"": ""balanced"", ""max_depth"": 7, ""min_samples_leaf"": 24, ""n_estimators"": 500}"
random_forest_small_deep05,random_forest_small,classifier,"{""class_weight"": null, ""max_depth"": 8, ""min_samples_leaf"": 30, ""n_estimators"": 500}"
random_forest_small_deep06,random_forest_small,classifier,"{""class_weight"": ""balanced_subsample"", ""max_depth"": null, ""min_samples_leaf"": 40, ""n_estimators"": 600}"
lightgbm_classifier_deep01,lightgbm_classifier,classifier,"{""learning_rate"": 0.05, ""min_child_samples"": 10, ""n_estimators"": 160, ""num_leaves"": 7, ""scale_pos_weight_multiplier"": 0.75}"
lightgbm_classifier_deep02,lightgbm_classifier,classifier,"{""learning_rate"": 0.04, ""min_child_samples"": 15, ""n_estimators"": 220, ""num_leaves"": 11, ""scale_pos_weight_multiplier"": 0.9}"
lightgbm_classifier_deep03,lightgbm_classifier,classifier,"{""learning_rate"": 0.035, ""min_child_samples"": 20, ""n_estimators"": 260, ""num_leaves"": 15, ""scale_pos_weight_multiplier"": 1.0}"
lightgbm_classifier_deep04,lightgbm_classifier,classifier,"{""learning_rate"": 0.03, ""min_child_samples"": 25, ""n_estimators"": 300, ""num_leaves"": 23, ""scale_pos_weight_multiplier"": 1.1}"
lightgbm_classifier_deep05,lightgbm_classifier,classifier,"{""learning_rate"": 0.025, ""min_child_samples"": 30, ""n_estimators"": 360, ""num_leaves"": 31, ""scale_pos_weight_multiplier"": 1.25}"
lightgbm_classifier_deep06,lightgbm_classifier,classifier,"{""learning_rate"": 0.02, ""min_child_samples"": 35, ""n_estimators"": 420, ""num_leaves"": 39, ""scale_pos_weight_multiplier"": 1.4}"
lightgbm_classifier_deep07,lightgbm_classifier,classifier,"{""colsample_bytree"": 0.8, ""learning_rate"": 0.04, ""min_child_samples"": 40, ""n_estimators"": 260, ""num_leaves"": 15, ""subsample"": 0.8}"
lightgbm_classifier_deep08,lightgbm_classifier,classifier,"{""learning_rate"": 0.03, ""min_child_samples"": 50, ""n_estimators"": 320, ""num_leaves"": 23, ""reg_lambda"": 3.0}"
logistic_baseline_deep01,logistic_baseline,classifier,"{""C"": 0.05, ""class_weight"": ""balanced"", ""l1_ratio"": 0.0, ""max_iter"": 2500, ""solver"": ""saga""}"
logistic_baseline_deep02,logistic_baseline,classifier,"{""C"": 0.1, ""class_weight"": ""balanced"", ""l1_ratio"": 0.2, ""max_iter"": 2500, ""solver"": ""saga""}"
logistic_baseline_deep03,logistic_baseline,classifier,"{""C"": 0.2, ""class_weight"": ""balanced"", ""l1_ratio"": 0.5, ""max_iter"": 2500, ""solver"": ""saga""}"
logistic_baseline_deep04,logistic_baseline,classifier,"{""C"": 0.5, ""class_weight"": ""balanced"", ""l1_ratio"": 0.8, ""max_iter"": 2500, ""solver"": ""saga""}"
logistic_baseline_deep05,logistic_baseline,classifier,"{""C"": 1.0, ""class_weight"": ""balanced"", ""l1_ratio"": 1.0, ""max_iter"": 2500, ""solver"": ""saga""}"
logistic_baseline_deep06,logistic_baseline,classifier,"{""C"": 2.0, ""class_weight"": null, ""l1_ratio"": 0.5, ""max_iter"": 2500, ""solver"": ""saga""}"
xgboost_classifier_deep01,xgboost_classifier,classifier,"{""learning_rate"": 0.05, ""max_depth"": 2, ""min_child_weight"": 1.0, ""n_estimators"": 160, ""scale_pos_weight_multiplier"": 0.75}"
xgboost_classifier_deep02,xgboost_classifier,classifier,"{""learning_rate"": 0.04, ""max_depth"": 2, ""min_child_weight"": 2.0, ""n_estimators"": 220, ""scale_pos_weight_multiplier"": 1.0}"
xgboost_classifier_deep03,xgboost_classifier,classifier,"{""learning_rate"": 0.035, ""max_depth"": 3, ""min_child_weight"": 3.0, ""n_estimators"": 260, ""scale_pos_weight_multiplier"": 1.0}"
xgboost_classifier_deep04,xgboost_classifier,classifier,"{""learning_rate"": 0.03, ""max_depth"": 3, ""min_child_weight"": 5.0, ""n_estimators"": 300, ""scale_pos_weight_multiplier"": 1.2}"
xgboost_classifier_deep05,xgboost_classifier,classifier,"{""learning_rate"": 0.025, ""max_depth"": 4, ""min_child_weight"": 5.0, ""n_estimators"": 360, ""scale_pos_weight_multiplier"": 1.3}"
xgboost_classifier_deep06,xgboost_classifier,classifier,"{""learning_rate"": 0.02, ""max_depth"": 4, ""min_child_weight"": 8.0, ""n_estimators"": 420, ""scale_pos_weight_multiplier"": 1.5}"
xgboost_classifier_deep07,xgboost_classifier,classifier,"{""colsample_bytree"": 0.8, ""learning_rate"": 0.03, ""max_depth"": 2, ""min_child_weight"": 8.0, ""n_estimators"": 300, ""subsample"": 0.8}"
xgboost_classifier_deep08,xgboost_classifier,classifier,"{""learning_rate"": 0.025, ""max_depth"": 3, ""min_child_weight"": 10.0, ""n_estimators"": 360, ""reg_lambda"": 3.0}"
ebm_additive_deep01,ebm_additive,classifier,"{""interactions"": 0, ""max_bins"": 64, ""max_rounds"": 3000, ""outer_bags"": 4}"
ebm_additive_deep02,ebm_additive,classifier,"{""interactions"": 0, ""max_bins"": 128, ""max_rounds"": 4000, ""outer_bags"": 6}"
ebm_additive_deep03,ebm_additive,classifier,"{""interactions"": 2, ""max_bins"": 64, ""max_rounds"": 3000, ""outer_bags"": 4}"
lambdamart_ranker_deep01,lambdamart_ranker,lambdamart,"{""learning_rate"": 0.05, ""n_estimators"": 160, ""num_leaves"": 15}"
lambdamart_ranker_deep02,lambdamart_ranker,lambdamart,"{""learning_rate"": 0.04, ""n_estimators"": 240, ""num_leaves"": 23}"
lambdamart_ranker_deep03,lambdamart_ranker,lambdamart,"{""learning_rate"": 0.03, ""n_estimators"": 320, ""num_leaves"": 31}"
