prescreen_recipe_id,prescreen_name,prescreen_methods,prescreen_method_count,rank_aggregation,adaptive,adaptive_method_count,leakage_rule
ps_mean_0001,single__mutual_info,"[""mutual_info""]",1,mean_rank_score,False,,fit ranking only on the active training partition
ps_mean_0002,single__abs_corr,"[""abs_corr""]",1,mean_rank_score,False,,fit ranking only on the active training partition
ps_mean_0003,single__logistic_l1,"[""logistic_l1""]",1,mean_rank_score,False,,fit ranking only on the active training partition
ps_mean_0004,single__abess_logistic,"[""abess_logistic""]",1,mean_rank_score,False,,fit ranking only on the active training partition
ps_mean_0005,single__lightgbm_gain,"[""lightgbm_gain""]",1,mean_rank_score,False,,fit ranking only on the active training partition
ps_mean_0006,single__ebm,"[""ebm""]",1,mean_rank_score,False,,fit ranking only on the active training partition
ps_mean_0007,single__sparse_gam_spam,"[""sparse_gam_spam""]",1,mean_rank_score,False,,fit ranking only on the active training partition
ps_mean_0008,single__lambdamart,"[""lambdamart""]",1,mean_rank_score,False,,fit ranking only on the active training partition
ps_mean_0009,pair__mutual_info+abs_corr,"[""mutual_info"", ""abs_corr""]",2,mean_rank_score,False,,fit ranking only on the active training partition
ps_mean_0010,pair__mutual_info+logistic_l1,"[""mutual_info"", ""logistic_l1""]",2,mean_rank_score,False,,fit ranking only on the active training partition
ps_mean_0011,pair__mutual_info+abess_logistic,"[""mutual_info"", ""abess_logistic""]",2,mean_rank_score,False,,fit ranking only on the active training partition
ps_mean_0012,pair__mutual_info+lightgbm_gain,"[""mutual_info"", ""lightgbm_gain""]",2,mean_rank_score,False,,fit ranking only on the active training partition
ps_mean_0013,pair__mutual_info+ebm,"[""mutual_info"", ""ebm""]",2,mean_rank_score,False,,fit ranking only on the active training partition
ps_mean_0014,pair__mutual_info+sparse_gam_spam,"[""mutual_info"", ""sparse_gam_spam""]",2,mean_rank_score,False,,fit ranking only on the active training partition
ps_mean_0015,pair__mutual_info+lambdamart,"[""mutual_info"", ""lambdamart""]",2,mean_rank_score,False,,fit ranking only on the active training partition
ps_mean_0016,pair__abs_corr+logistic_l1,"[""abs_corr"", ""logistic_l1""]",2,mean_rank_score,False,,fit ranking only on the active training partition
ps_mean_0017,pair__abs_corr+abess_logistic,"[""abs_corr"", ""abess_logistic""]",2,mean_rank_score,False,,fit ranking only on the active training partition
ps_mean_0018,pair__abs_corr+lightgbm_gain,"[""abs_corr"", ""lightgbm_gain""]",2,mean_rank_score,False,,fit ranking only on the active training partition
ps_mean_0019,pair__abs_corr+ebm,"[""abs_corr"", ""ebm""]",2,mean_rank_score,False,,fit ranking only on the active training partition
ps_mean_0020,pair__abs_corr+sparse_gam_spam,"[""abs_corr"", ""sparse_gam_spam""]",2,mean_rank_score,False,,fit ranking only on the active training partition
ps_mean_0021,pair__abs_corr+lambdamart,"[""abs_corr"", ""lambdamart""]",2,mean_rank_score,False,,fit ranking only on the active training partition
ps_mean_0022,pair__logistic_l1+abess_logistic,"[""logistic_l1"", ""abess_logistic""]",2,mean_rank_score,False,,fit ranking only on the active training partition
ps_mean_0023,pair__logistic_l1+lightgbm_gain,"[""logistic_l1"", ""lightgbm_gain""]",2,mean_rank_score,False,,fit ranking only on the active training partition
ps_mean_0024,pair__logistic_l1+ebm,"[""logistic_l1"", ""ebm""]",2,mean_rank_score,False,,fit ranking only on the active training partition
ps_mean_0025,pair__logistic_l1+sparse_gam_spam,"[""logistic_l1"", ""sparse_gam_spam""]",2,mean_rank_score,False,,fit ranking only on the active training partition
ps_mean_0026,pair__logistic_l1+lambdamart,"[""logistic_l1"", ""lambdamart""]",2,mean_rank_score,False,,fit ranking only on the active training partition
ps_mean_0027,pair__abess_logistic+lightgbm_gain,"[""abess_logistic"", ""lightgbm_gain""]",2,mean_rank_score,False,,fit ranking only on the active training partition
ps_mean_0028,pair__abess_logistic+ebm,"[""abess_logistic"", ""ebm""]",2,mean_rank_score,False,,fit ranking only on the active training partition
ps_mean_0029,pair__abess_logistic+sparse_gam_spam,"[""abess_logistic"", ""sparse_gam_spam""]",2,mean_rank_score,False,,fit ranking only on the active training partition
ps_mean_0030,pair__abess_logistic+lambdamart,"[""abess_logistic"", ""lambdamart""]",2,mean_rank_score,False,,fit ranking only on the active training partition
ps_mean_0031,pair__lightgbm_gain+ebm,"[""lightgbm_gain"", ""ebm""]",2,mean_rank_score,False,,fit ranking only on the active training partition
ps_mean_0032,pair__lightgbm_gain+sparse_gam_spam,"[""lightgbm_gain"", ""sparse_gam_spam""]",2,mean_rank_score,False,,fit ranking only on the active training partition
ps_mean_0033,pair__lightgbm_gain+lambdamart,"[""lightgbm_gain"", ""lambdamart""]",2,mean_rank_score,False,,fit ranking only on the active training partition
ps_mean_0034,pair__ebm+sparse_gam_spam,"[""ebm"", ""sparse_gam_spam""]",2,mean_rank_score,False,,fit ranking only on the active training partition
ps_mean_0035,pair__ebm+lambdamart,"[""ebm"", ""lambdamart""]",2,mean_rank_score,False,,fit ranking only on the active training partition
ps_mean_0036,pair__sparse_gam_spam+lambdamart,"[""sparse_gam_spam"", ""lambdamart""]",2,mean_rank_score,False,,fit ranking only on the active training partition
ps_mean_0037,triple__mutual_info+abs_corr+logistic_l1,"[""mutual_info"", ""abs_corr"", ""logistic_l1""]",3,mean_rank_score,False,,fit ranking only on the active training partition
ps_mean_0038,triple__mutual_info+abs_corr+abess_logistic,"[""mutual_info"", ""abs_corr"", ""abess_logistic""]",3,mean_rank_score,False,,fit ranking only on the active training partition
ps_mean_0039,triple__mutual_info+abs_corr+lightgbm_gain,"[""mutual_info"", ""abs_corr"", ""lightgbm_gain""]",3,mean_rank_score,False,,fit ranking only on the active training partition
ps_mean_0040,triple__mutual_info+abs_corr+ebm,"[""mutual_info"", ""abs_corr"", ""ebm""]",3,mean_rank_score,False,,fit ranking only on the active training partition
ps_mean_0041,triple__mutual_info+abs_corr+sparse_gam_spam,"[""mutual_info"", ""abs_corr"", ""sparse_gam_spam""]",3,mean_rank_score,False,,fit ranking only on the active training partition
ps_mean_0042,triple__mutual_info+abs_corr+lambdamart,"[""mutual_info"", ""abs_corr"", ""lambdamart""]",3,mean_rank_score,False,,fit ranking only on the active training partition
ps_mean_0043,triple__mutual_info+logistic_l1+abess_logistic,"[""mutual_info"", ""logistic_l1"", ""abess_logistic""]",3,mean_rank_score,False,,fit ranking only on the active training partition
ps_mean_0044,triple__mutual_info+logistic_l1+lightgbm_gain,"[""mutual_info"", ""logistic_l1"", ""lightgbm_gain""]",3,mean_rank_score,False,,fit ranking only on the active training partition
ps_mean_0045,triple__mutual_info+logistic_l1+ebm,"[""mutual_info"", ""logistic_l1"", ""ebm""]",3,mean_rank_score,False,,fit ranking only on the active training partition
ps_mean_0046,triple__mutual_info+logistic_l1+sparse_gam_spam,"[""mutual_info"", ""logistic_l1"", ""sparse_gam_spam""]",3,mean_rank_score,False,,fit ranking only on the active training partition
ps_mean_0047,triple__mutual_info+logistic_l1+lambdamart,"[""mutual_info"", ""logistic_l1"", ""lambdamart""]",3,mean_rank_score,False,,fit ranking only on the active training partition
ps_mean_0048,triple__mutual_info+abess_logistic+lightgbm_gain,"[""mutual_info"", ""abess_logistic"", ""lightgbm_gain""]",3,mean_rank_score,False,,fit ranking only on the active training partition
ps_mean_0049,triple__mutual_info+abess_logistic+ebm,"[""mutual_info"", ""abess_logistic"", ""ebm""]",3,mean_rank_score,False,,fit ranking only on the active training partition
ps_mean_0050,triple__mutual_info+abess_logistic+sparse_gam_spam,"[""mutual_info"", ""abess_logistic"", ""sparse_gam_spam""]",3,mean_rank_score,False,,fit ranking only on the active training partition
ps_mean_0051,triple__mutual_info+abess_logistic+lambdamart,"[""mutual_info"", ""abess_logistic"", ""lambdamart""]",3,mean_rank_score,False,,fit ranking only on the active training partition
ps_mean_0052,triple__mutual_info+lightgbm_gain+ebm,"[""mutual_info"", ""lightgbm_gain"", ""ebm""]",3,mean_rank_score,False,,fit ranking only on the active training partition
ps_mean_0053,triple__mutual_info+lightgbm_gain+sparse_gam_spam,"[""mutual_info"", ""lightgbm_gain"", ""sparse_gam_spam""]",3,mean_rank_score,False,,fit ranking only on the active training partition
ps_mean_0054,triple__mutual_info+lightgbm_gain+lambdamart,"[""mutual_info"", ""lightgbm_gain"", ""lambdamart""]",3,mean_rank_score,False,,fit ranking only on the active training partition
ps_mean_0055,triple__mutual_info+ebm+sparse_gam_spam,"[""mutual_info"", ""ebm"", ""sparse_gam_spam""]",3,mean_rank_score,False,,fit ranking only on the active training partition
ps_mean_0056,triple__mutual_info+ebm+lambdamart,"[""mutual_info"", ""ebm"", ""lambdamart""]",3,mean_rank_score,False,,fit ranking only on the active training partition
ps_mean_0057,triple__mutual_info+sparse_gam_spam+lambdamart,"[""mutual_info"", ""sparse_gam_spam"", ""lambdamart""]",3,mean_rank_score,False,,fit ranking only on the active training partition
ps_mean_0058,triple__abs_corr+logistic_l1+abess_logistic,"[""abs_corr"", ""logistic_l1"", ""abess_logistic""]",3,mean_rank_score,False,,fit ranking only on the active training partition
ps_mean_0059,triple__abs_corr+logistic_l1+lightgbm_gain,"[""abs_corr"", ""logistic_l1"", ""lightgbm_gain""]",3,mean_rank_score,False,,fit ranking only on the active training partition
ps_mean_0060,triple__abs_corr+logistic_l1+ebm,"[""abs_corr"", ""logistic_l1"", ""ebm""]",3,mean_rank_score,False,,fit ranking only on the active training partition
ps_mean_0061,triple__abs_corr+logistic_l1+sparse_gam_spam,"[""abs_corr"", ""logistic_l1"", ""sparse_gam_spam""]",3,mean_rank_score,False,,fit ranking only on the active training partition
ps_mean_0062,triple__abs_corr+logistic_l1+lambdamart,"[""abs_corr"", ""logistic_l1"", ""lambdamart""]",3,mean_rank_score,False,,fit ranking only on the active training partition
ps_mean_0063,triple__abs_corr+abess_logistic+lightgbm_gain,"[""abs_corr"", ""abess_logistic"", ""lightgbm_gain""]",3,mean_rank_score,False,,fit ranking only on the active training partition
ps_mean_0064,triple__abs_corr+abess_logistic+ebm,"[""abs_corr"", ""abess_logistic"", ""ebm""]",3,mean_rank_score,False,,fit ranking only on the active training partition
ps_mean_0065,triple__abs_corr+abess_logistic+sparse_gam_spam,"[""abs_corr"", ""abess_logistic"", ""sparse_gam_spam""]",3,mean_rank_score,False,,fit ranking only on the active training partition
ps_mean_0066,triple__abs_corr+abess_logistic+lambdamart,"[""abs_corr"", ""abess_logistic"", ""lambdamart""]",3,mean_rank_score,False,,fit ranking only on the active training partition
ps_mean_0067,triple__abs_corr+lightgbm_gain+ebm,"[""abs_corr"", ""lightgbm_gain"", ""ebm""]",3,mean_rank_score,False,,fit ranking only on the active training partition
ps_mean_0068,triple__abs_corr+lightgbm_gain+sparse_gam_spam,"[""abs_corr"", ""lightgbm_gain"", ""sparse_gam_spam""]",3,mean_rank_score,False,,fit ranking only on the active training partition
ps_mean_0069,triple__abs_corr+lightgbm_gain+lambdamart,"[""abs_corr"", ""lightgbm_gain"", ""lambdamart""]",3,mean_rank_score,False,,fit ranking only on the active training partition
ps_mean_0070,triple__abs_corr+ebm+sparse_gam_spam,"[""abs_corr"", ""ebm"", ""sparse_gam_spam""]",3,mean_rank_score,False,,fit ranking only on the active training partition
ps_mean_0071,triple__abs_corr+ebm+lambdamart,"[""abs_corr"", ""ebm"", ""lambdamart""]",3,mean_rank_score,False,,fit ranking only on the active training partition
ps_mean_0072,triple__abs_corr+sparse_gam_spam+lambdamart,"[""abs_corr"", ""sparse_gam_spam"", ""lambdamart""]",3,mean_rank_score,False,,fit ranking only on the active training partition
ps_mean_0073,triple__logistic_l1+abess_logistic+lightgbm_gain,"[""logistic_l1"", ""abess_logistic"", ""lightgbm_gain""]",3,mean_rank_score,False,,fit ranking only on the active training partition
ps_mean_0074,triple__logistic_l1+abess_logistic+ebm,"[""logistic_l1"", ""abess_logistic"", ""ebm""]",3,mean_rank_score,False,,fit ranking only on the active training partition
ps_mean_0075,triple__logistic_l1+abess_logistic+sparse_gam_spam,"[""logistic_l1"", ""abess_logistic"", ""sparse_gam_spam""]",3,mean_rank_score,False,,fit ranking only on the active training partition
ps_mean_0076,triple__logistic_l1+abess_logistic+lambdamart,"[""logistic_l1"", ""abess_logistic"", ""lambdamart""]",3,mean_rank_score,False,,fit ranking only on the active training partition
ps_mean_0077,triple__logistic_l1+lightgbm_gain+ebm,"[""logistic_l1"", ""lightgbm_gain"", ""ebm""]",3,mean_rank_score,False,,fit ranking only on the active training partition
ps_mean_0078,triple__logistic_l1+lightgbm_gain+sparse_gam_spam,"[""logistic_l1"", ""lightgbm_gain"", ""sparse_gam_spam""]",3,mean_rank_score,False,,fit ranking only on the active training partition
ps_mean_0079,triple__logistic_l1+lightgbm_gain+lambdamart,"[""logistic_l1"", ""lightgbm_gain"", ""lambdamart""]",3,mean_rank_score,False,,fit ranking only on the active training partition
ps_mean_0080,triple__logistic_l1+ebm+sparse_gam_spam,"[""logistic_l1"", ""ebm"", ""sparse_gam_spam""]",3,mean_rank_score,False,,fit ranking only on the active training partition
ps_mean_0081,triple__logistic_l1+ebm+lambdamart,"[""logistic_l1"", ""ebm"", ""lambdamart""]",3,mean_rank_score,False,,fit ranking only on the active training partition
ps_mean_0082,triple__logistic_l1+sparse_gam_spam+lambdamart,"[""logistic_l1"", ""sparse_gam_spam"", ""lambdamart""]",3,mean_rank_score,False,,fit ranking only on the active training partition
ps_mean_0083,triple__abess_logistic+lightgbm_gain+ebm,"[""abess_logistic"", ""lightgbm_gain"", ""ebm""]",3,mean_rank_score,False,,fit ranking only on the active training partition
ps_mean_0084,triple__abess_logistic+lightgbm_gain+sparse_gam_spam,"[""abess_logistic"", ""lightgbm_gain"", ""sparse_gam_spam""]",3,mean_rank_score,False,,fit ranking only on the active training partition
ps_mean_0085,triple__abess_logistic+lightgbm_gain+lambdamart,"[""abess_logistic"", ""lightgbm_gain"", ""lambdamart""]",3,mean_rank_score,False,,fit ranking only on the active training partition
ps_mean_0086,triple__abess_logistic+ebm+sparse_gam_spam,"[""abess_logistic"", ""ebm"", ""sparse_gam_spam""]",3,mean_rank_score,False,,fit ranking only on the active training partition
ps_mean_0087,triple__abess_logistic+ebm+lambdamart,"[""abess_logistic"", ""ebm"", ""lambdamart""]",3,mean_rank_score,False,,fit ranking only on the active training partition
ps_mean_0088,triple__abess_logistic+sparse_gam_spam+lambdamart,"[""abess_logistic"", ""sparse_gam_spam"", ""lambdamart""]",3,mean_rank_score,False,,fit ranking only on the active training partition
ps_mean_0089,triple__lightgbm_gain+ebm+sparse_gam_spam,"[""lightgbm_gain"", ""ebm"", ""sparse_gam_spam""]",3,mean_rank_score,False,,fit ranking only on the active training partition
ps_mean_0090,triple__lightgbm_gain+ebm+lambdamart,"[""lightgbm_gain"", ""ebm"", ""lambdamart""]",3,mean_rank_score,False,,fit ranking only on the active training partition
ps_mean_0091,triple__lightgbm_gain+sparse_gam_spam+lambdamart,"[""lightgbm_gain"", ""sparse_gam_spam"", ""lambdamart""]",3,mean_rank_score,False,,fit ranking only on the active training partition
ps_mean_0092,triple__ebm+sparse_gam_spam+lambdamart,"[""ebm"", ""sparse_gam_spam"", ""lambdamart""]",3,mean_rank_score,False,,fit ranking only on the active training partition
ps_mean_0093,ensemble_4__mutual_info+abs_corr+logistic_l1+abess_logistic,"[""mutual_info"", ""abs_corr"", ""logistic_l1"", ""abess_logistic""]",4,mean_rank_score,False,,fit ranking only on the active training partition
ps_mean_0094,ensemble_4__mutual_info+abs_corr+logistic_l1+lightgbm_gain,"[""mutual_info"", ""abs_corr"", ""logistic_l1"", ""lightgbm_gain""]",4,mean_rank_score,False,,fit ranking only on the active training partition
ps_mean_0095,ensemble_4__mutual_info+abs_corr+logistic_l1+ebm,"[""mutual_info"", ""abs_corr"", ""logistic_l1"", ""ebm""]",4,mean_rank_score,False,,fit ranking only on the active training partition
ps_mean_0096,ensemble_4__mutual_info+abs_corr+logistic_l1+sparse_gam_spam,"[""mutual_info"", ""abs_corr"", ""logistic_l1"", ""sparse_gam_spam""]",4,mean_rank_score,False,,fit ranking only on the active training partition
ps_mean_0097,ensemble_4__mutual_info+abs_corr+logistic_l1+lambdamart,"[""mutual_info"", ""abs_corr"", ""logistic_l1"", ""lambdamart""]",4,mean_rank_score,False,,fit ranking only on the active training partition
ps_mean_0098,ensemble_4__mutual_info+abs_corr+abess_logistic+lightgbm_gain,"[""mutual_info"", ""abs_corr"", ""abess_logistic"", ""lightgbm_gain""]",4,mean_rank_score,False,,fit ranking only on the active training partition
ps_mean_0099,ensemble_4__mutual_info+abs_corr+abess_logistic+ebm,"[""mutual_info"", ""abs_corr"", ""abess_logistic"", ""ebm""]",4,mean_rank_score,False,,fit ranking only on the active training partition
ps_mean_0100,ensemble_4__mutual_info+abs_corr+abess_logistic+sparse_gam_spam,"[""mutual_info"", ""abs_corr"", ""abess_logistic"", ""sparse_gam_spam""]",4,mean_rank_score,False,,fit ranking only on the active training partition
ps_mean_0101,ensemble_4__mutual_info+abs_corr+abess_logistic+lambdamart,"[""mutual_info"", ""abs_corr"", ""abess_logistic"", ""lambdamart""]",4,mean_rank_score,False,,fit ranking only on the active training partition
ps_mean_0102,ensemble_4__mutual_info+abs_corr+lightgbm_gain+ebm,"[""mutual_info"", ""abs_corr"", ""lightgbm_gain"", ""ebm""]",4,mean_rank_score,False,,fit ranking only on the active training partition
ps_mean_0103,ensemble_4__mutual_info+abs_corr+lightgbm_gain+sparse_gam_spam,"[""mutual_info"", ""abs_corr"", ""lightgbm_gain"", ""sparse_gam_spam""]",4,mean_rank_score,False,,fit ranking only on the active training partition
ps_mean_0104,ensemble_4__mutual_info+abs_corr+lightgbm_gain+lambdamart,"[""mutual_info"", ""abs_corr"", ""lightgbm_gain"", ""lambdamart""]",4,mean_rank_score,False,,fit ranking only on the active training partition
ps_mean_0105,ensemble_4__mutual_info+abs_corr+ebm+sparse_gam_spam,"[""mutual_info"", ""abs_corr"", ""ebm"", ""sparse_gam_spam""]",4,mean_rank_score,False,,fit ranking only on the active training partition
ps_mean_0106,ensemble_4__mutual_info+abs_corr+ebm+lambdamart,"[""mutual_info"", ""abs_corr"", ""ebm"", ""lambdamart""]",4,mean_rank_score,False,,fit ranking only on the active training partition
ps_mean_0107,ensemble_4__mutual_info+abs_corr+sparse_gam_spam+lambdamart,"[""mutual_info"", ""abs_corr"", ""sparse_gam_spam"", ""lambdamart""]",4,mean_rank_score,False,,fit ranking only on the active training partition
ps_mean_0108,ensemble_4__mutual_info+logistic_l1+abess_logistic+lightgbm_gain,"[""mutual_info"", ""logistic_l1"", ""abess_logistic"", ""lightgbm_gain""]",4,mean_rank_score,False,,fit ranking only on the active training partition
ps_mean_0109,ensemble_4__mutual_info+logistic_l1+abess_logistic+ebm,"[""mutual_info"", ""logistic_l1"", ""abess_logistic"", ""ebm""]",4,mean_rank_score,False,,fit ranking only on the active training partition
ps_mean_0110,ensemble_4__mutual_info+logistic_l1+abess_logistic+sparse_gam_spam,"[""mutual_info"", ""logistic_l1"", ""abess_logistic"", ""sparse_gam_spam""]",4,mean_rank_score,False,,fit ranking only on the active training partition
ps_mean_0111,ensemble_4__mutual_info+logistic_l1+abess_logistic+lambdamart,"[""mutual_info"", ""logistic_l1"", ""abess_logistic"", ""lambdamart""]",4,mean_rank_score,False,,fit ranking only on the active training partition
ps_mean_0112,ensemble_4__mutual_info+logistic_l1+lightgbm_gain+ebm,"[""mutual_info"", ""logistic_l1"", ""lightgbm_gain"", ""ebm""]",4,mean_rank_score,False,,fit ranking only on the active training partition
ps_mean_0113,ensemble_4__mutual_info+logistic_l1+lightgbm_gain+sparse_gam_spam,"[""mutual_info"", ""logistic_l1"", ""lightgbm_gain"", ""sparse_gam_spam""]",4,mean_rank_score,False,,fit ranking only on the active training partition
ps_mean_0114,ensemble_4__mutual_info+logistic_l1+lightgbm_gain+lambdamart,"[""mutual_info"", ""logistic_l1"", ""lightgbm_gain"", ""lambdamart""]",4,mean_rank_score,False,,fit ranking only on the active training partition
ps_mean_0115,ensemble_4__mutual_info+logistic_l1+ebm+sparse_gam_spam,"[""mutual_info"", ""logistic_l1"", ""ebm"", ""sparse_gam_spam""]",4,mean_rank_score,False,,fit ranking only on the active training partition
ps_mean_0116,ensemble_4__mutual_info+logistic_l1+ebm+lambdamart,"[""mutual_info"", ""logistic_l1"", ""ebm"", ""lambdamart""]",4,mean_rank_score,False,,fit ranking only on the active training partition
ps_mean_0117,ensemble_4__mutual_info+logistic_l1+sparse_gam_spam+lambdamart,"[""mutual_info"", ""logistic_l1"", ""sparse_gam_spam"", ""lambdamart""]",4,mean_rank_score,False,,fit ranking only on the active training partition
ps_mean_0118,ensemble_4__mutual_info+abess_logistic+lightgbm_gain+ebm,"[""mutual_info"", ""abess_logistic"", ""lightgbm_gain"", ""ebm""]",4,mean_rank_score,False,,fit ranking only on the active training partition
ps_mean_0119,ensemble_4__mutual_info+abess_logistic+lightgbm_gain+sparse_gam_spam,"[""mutual_info"", ""abess_logistic"", ""lightgbm_gain"", ""sparse_gam_spam""]",4,mean_rank_score,False,,fit ranking only on the active training partition
ps_mean_0120,ensemble_4__mutual_info+abess_logistic+lightgbm_gain+lambdamart,"[""mutual_info"", ""abess_logistic"", ""lightgbm_gain"", ""lambdamart""]",4,mean_rank_score,False,,fit ranking only on the active training partition
ps_mean_0121,ensemble_4__mutual_info+abess_logistic+ebm+sparse_gam_spam,"[""mutual_info"", ""abess_logistic"", ""ebm"", ""sparse_gam_spam""]",4,mean_rank_score,False,,fit ranking only on the active training partition
ps_mean_0122,ensemble_4__mutual_info+abess_logistic+ebm+lambdamart,"[""mutual_info"", ""abess_logistic"", ""ebm"", ""lambdamart""]",4,mean_rank_score,False,,fit ranking only on the active training partition
ps_mean_0123,ensemble_4__mutual_info+abess_logistic+sparse_gam_spam+lambdamart,"[""mutual_info"", ""abess_logistic"", ""sparse_gam_spam"", ""lambdamart""]",4,mean_rank_score,False,,fit ranking only on the active training partition
ps_mean_0124,ensemble_4__mutual_info+lightgbm_gain+ebm+sparse_gam_spam,"[""mutual_info"", ""lightgbm_gain"", ""ebm"", ""sparse_gam_spam""]",4,mean_rank_score,False,,fit ranking only on the active training partition
ps_mean_0125,ensemble_4__mutual_info+lightgbm_gain+ebm+lambdamart,"[""mutual_info"", ""lightgbm_gain"", ""ebm"", ""lambdamart""]",4,mean_rank_score,False,,fit ranking only on the active training partition
ps_mean_0126,ensemble_4__mutual_info+lightgbm_gain+sparse_gam_spam+lambdamart,"[""mutual_info"", ""lightgbm_gain"", ""sparse_gam_spam"", ""lambdamart""]",4,mean_rank_score,False,,fit ranking only on the active training partition
ps_mean_0127,ensemble_4__mutual_info+ebm+sparse_gam_spam+lambdamart,"[""mutual_info"", ""ebm"", ""sparse_gam_spam"", ""lambdamart""]",4,mean_rank_score,False,,fit ranking only on the active training partition
ps_mean_0128,ensemble_4__abs_corr+logistic_l1+abess_logistic+lightgbm_gain,"[""abs_corr"", ""logistic_l1"", ""abess_logistic"", ""lightgbm_gain""]",4,mean_rank_score,False,,fit ranking only on the active training partition
ps_mean_0129,ensemble_4__abs_corr+logistic_l1+abess_logistic+ebm,"[""abs_corr"", ""logistic_l1"", ""abess_logistic"", ""ebm""]",4,mean_rank_score,False,,fit ranking only on the active training partition
ps_mean_0130,ensemble_4__abs_corr+logistic_l1+abess_logistic+sparse_gam_spam,"[""abs_corr"", ""logistic_l1"", ""abess_logistic"", ""sparse_gam_spam""]",4,mean_rank_score,False,,fit ranking only on the active training partition
ps_mean_0131,ensemble_4__abs_corr+logistic_l1+abess_logistic+lambdamart,"[""abs_corr"", ""logistic_l1"", ""abess_logistic"", ""lambdamart""]",4,mean_rank_score,False,,fit ranking only on the active training partition
ps_mean_0132,ensemble_4__abs_corr+logistic_l1+lightgbm_gain+ebm,"[""abs_corr"", ""logistic_l1"", ""lightgbm_gain"", ""ebm""]",4,mean_rank_score,False,,fit ranking only on the active training partition
ps_mean_0133,ensemble_4__abs_corr+logistic_l1+lightgbm_gain+sparse_gam_spam,"[""abs_corr"", ""logistic_l1"", ""lightgbm_gain"", ""sparse_gam_spam""]",4,mean_rank_score,False,,fit ranking only on the active training partition
ps_mean_0134,ensemble_4__abs_corr+logistic_l1+lightgbm_gain+lambdamart,"[""abs_corr"", ""logistic_l1"", ""lightgbm_gain"", ""lambdamart""]",4,mean_rank_score,False,,fit ranking only on the active training partition
ps_mean_0135,ensemble_4__abs_corr+logistic_l1+ebm+sparse_gam_spam,"[""abs_corr"", ""logistic_l1"", ""ebm"", ""sparse_gam_spam""]",4,mean_rank_score,False,,fit ranking only on the active training partition
ps_mean_0136,ensemble_4__abs_corr+logistic_l1+ebm+lambdamart,"[""abs_corr"", ""logistic_l1"", ""ebm"", ""lambdamart""]",4,mean_rank_score,False,,fit ranking only on the active training partition
ps_mean_0137,ensemble_4__abs_corr+logistic_l1+sparse_gam_spam+lambdamart,"[""abs_corr"", ""logistic_l1"", ""sparse_gam_spam"", ""lambdamart""]",4,mean_rank_score,False,,fit ranking only on the active training partition
ps_mean_0138,ensemble_4__abs_corr+abess_logistic+lightgbm_gain+ebm,"[""abs_corr"", ""abess_logistic"", ""lightgbm_gain"", ""ebm""]",4,mean_rank_score,False,,fit ranking only on the active training partition
ps_mean_0139,ensemble_4__abs_corr+abess_logistic+lightgbm_gain+sparse_gam_spam,"[""abs_corr"", ""abess_logistic"", ""lightgbm_gain"", ""sparse_gam_spam""]",4,mean_rank_score,False,,fit ranking only on the active training partition
ps_mean_0140,ensemble_4__abs_corr+abess_logistic+lightgbm_gain+lambdamart,"[""abs_corr"", ""abess_logistic"", ""lightgbm_gain"", ""lambdamart""]",4,mean_rank_score,False,,fit ranking only on the active training partition
ps_mean_0141,ensemble_4__abs_corr+abess_logistic+ebm+sparse_gam_spam,"[""abs_corr"", ""abess_logistic"", ""ebm"", ""sparse_gam_spam""]",4,mean_rank_score,False,,fit ranking only on the active training partition
ps_mean_0142,ensemble_4__abs_corr+abess_logistic+ebm+lambdamart,"[""abs_corr"", ""abess_logistic"", ""ebm"", ""lambdamart""]",4,mean_rank_score,False,,fit ranking only on the active training partition
ps_mean_0143,ensemble_4__abs_corr+abess_logistic+sparse_gam_spam+lambdamart,"[""abs_corr"", ""abess_logistic"", ""sparse_gam_spam"", ""lambdamart""]",4,mean_rank_score,False,,fit ranking only on the active training partition
ps_mean_0144,ensemble_4__abs_corr+lightgbm_gain+ebm+sparse_gam_spam,"[""abs_corr"", ""lightgbm_gain"", ""ebm"", ""sparse_gam_spam""]",4,mean_rank_score,False,,fit ranking only on the active training partition
ps_mean_0145,ensemble_4__abs_corr+lightgbm_gain+ebm+lambdamart,"[""abs_corr"", ""lightgbm_gain"", ""ebm"", ""lambdamart""]",4,mean_rank_score,False,,fit ranking only on the active training partition
ps_mean_0146,ensemble_4__abs_corr+lightgbm_gain+sparse_gam_spam+lambdamart,"[""abs_corr"", ""lightgbm_gain"", ""sparse_gam_spam"", ""lambdamart""]",4,mean_rank_score,False,,fit ranking only on the active training partition
ps_mean_0147,ensemble_4__abs_corr+ebm+sparse_gam_spam+lambdamart,"[""abs_corr"", ""ebm"", ""sparse_gam_spam"", ""lambdamart""]",4,mean_rank_score,False,,fit ranking only on the active training partition
ps_mean_0148,ensemble_4__logistic_l1+abess_logistic+lightgbm_gain+ebm,"[""logistic_l1"", ""abess_logistic"", ""lightgbm_gain"", ""ebm""]",4,mean_rank_score,False,,fit ranking only on the active training partition
ps_mean_0149,ensemble_4__logistic_l1+abess_logistic+lightgbm_gain+sparse_gam_spam,"[""logistic_l1"", ""abess_logistic"", ""lightgbm_gain"", ""sparse_gam_spam""]",4,mean_rank_score,False,,fit ranking only on the active training partition
ps_mean_0150,ensemble_4__logistic_l1+abess_logistic+lightgbm_gain+lambdamart,"[""logistic_l1"", ""abess_logistic"", ""lightgbm_gain"", ""lambdamart""]",4,mean_rank_score,False,,fit ranking only on the active training partition
ps_mean_0151,ensemble_4__logistic_l1+abess_logistic+ebm+sparse_gam_spam,"[""logistic_l1"", ""abess_logistic"", ""ebm"", ""sparse_gam_spam""]",4,mean_rank_score,False,,fit ranking only on the active training partition
ps_mean_0152,ensemble_4__logistic_l1+abess_logistic+ebm+lambdamart,"[""logistic_l1"", ""abess_logistic"", ""ebm"", ""lambdamart""]",4,mean_rank_score,False,,fit ranking only on the active training partition
ps_mean_0153,ensemble_4__logistic_l1+abess_logistic+sparse_gam_spam+lambdamart,"[""logistic_l1"", ""abess_logistic"", ""sparse_gam_spam"", ""lambdamart""]",4,mean_rank_score,False,,fit ranking only on the active training partition
ps_mean_0154,ensemble_4__logistic_l1+lightgbm_gain+ebm+sparse_gam_spam,"[""logistic_l1"", ""lightgbm_gain"", ""ebm"", ""sparse_gam_spam""]",4,mean_rank_score,False,,fit ranking only on the active training partition
ps_mean_0155,ensemble_4__logistic_l1+lightgbm_gain+ebm+lambdamart,"[""logistic_l1"", ""lightgbm_gain"", ""ebm"", ""lambdamart""]",4,mean_rank_score,False,,fit ranking only on the active training partition
ps_mean_0156,ensemble_4__logistic_l1+lightgbm_gain+sparse_gam_spam+lambdamart,"[""logistic_l1"", ""lightgbm_gain"", ""sparse_gam_spam"", ""lambdamart""]",4,mean_rank_score,False,,fit ranking only on the active training partition
ps_mean_0157,ensemble_4__logistic_l1+ebm+sparse_gam_spam+lambdamart,"[""logistic_l1"", ""ebm"", ""sparse_gam_spam"", ""lambdamart""]",4,mean_rank_score,False,,fit ranking only on the active training partition
ps_mean_0158,ensemble_4__abess_logistic+lightgbm_gain+ebm+sparse_gam_spam,"[""abess_logistic"", ""lightgbm_gain"", ""ebm"", ""sparse_gam_spam""]",4,mean_rank_score,False,,fit ranking only on the active training partition
ps_mean_0159,ensemble_4__abess_logistic+lightgbm_gain+ebm+lambdamart,"[""abess_logistic"", ""lightgbm_gain"", ""ebm"", ""lambdamart""]",4,mean_rank_score,False,,fit ranking only on the active training partition
ps_mean_0160,ensemble_4__abess_logistic+lightgbm_gain+sparse_gam_spam+lambdamart,"[""abess_logistic"", ""lightgbm_gain"", ""sparse_gam_spam"", ""lambdamart""]",4,mean_rank_score,False,,fit ranking only on the active training partition
ps_mean_0161,ensemble_4__abess_logistic+ebm+sparse_gam_spam+lambdamart,"[""abess_logistic"", ""ebm"", ""sparse_gam_spam"", ""lambdamart""]",4,mean_rank_score,False,,fit ranking only on the active training partition
ps_mean_0162,ensemble_4__lightgbm_gain+ebm+sparse_gam_spam+lambdamart,"[""lightgbm_gain"", ""ebm"", ""sparse_gam_spam"", ""lambdamart""]",4,mean_rank_score,False,,fit ranking only on the active training partition
ps_mean_0163,ensemble_5__mutual_info+abs_corr+logistic_l1+abess_logistic+lightgbm_gain,"[""mutual_info"", ""abs_corr"", ""logistic_l1"", ""abess_logistic"", ""lightgbm_gain""]",5,mean_rank_score,False,,fit ranking only on the active training partition
ps_mean_0164,ensemble_5__mutual_info+abs_corr+logistic_l1+abess_logistic+ebm,"[""mutual_info"", ""abs_corr"", ""logistic_l1"", ""abess_logistic"", ""ebm""]",5,mean_rank_score,False,,fit ranking only on the active training partition
ps_mean_0165,ensemble_5__mutual_info+abs_corr+logistic_l1+abess_logistic+sparse_gam_spam,"[""mutual_info"", ""abs_corr"", ""logistic_l1"", ""abess_logistic"", ""sparse_gam_spam""]",5,mean_rank_score,False,,fit ranking only on the active training partition
ps_mean_0166,ensemble_5__mutual_info+abs_corr+logistic_l1+abess_logistic+lambdamart,"[""mutual_info"", ""abs_corr"", ""logistic_l1"", ""abess_logistic"", ""lambdamart""]",5,mean_rank_score,False,,fit ranking only on the active training partition
ps_mean_0167,ensemble_5__mutual_info+abs_corr+logistic_l1+lightgbm_gain+ebm,"[""mutual_info"", ""abs_corr"", ""logistic_l1"", ""lightgbm_gain"", ""ebm""]",5,mean_rank_score,False,,fit ranking only on the active training partition
ps_mean_0168,ensemble_5__mutual_info+abs_corr+logistic_l1+lightgbm_gain+sparse_gam_spam,"[""mutual_info"", ""abs_corr"", ""logistic_l1"", ""lightgbm_gain"", ""sparse_gam_spam""]",5,mean_rank_score,False,,fit ranking only on the active training partition
ps_mean_0169,ensemble_5__mutual_info+abs_corr+logistic_l1+lightgbm_gain+lambdamart,"[""mutual_info"", ""abs_corr"", ""logistic_l1"", ""lightgbm_gain"", ""lambdamart""]",5,mean_rank_score,False,,fit ranking only on the active training partition
ps_mean_0170,ensemble_5__mutual_info+abs_corr+logistic_l1+ebm+sparse_gam_spam,"[""mutual_info"", ""abs_corr"", ""logistic_l1"", ""ebm"", ""sparse_gam_spam""]",5,mean_rank_score,False,,fit ranking only on the active training partition
ps_mean_0171,ensemble_5__mutual_info+abs_corr+logistic_l1+ebm+lambdamart,"[""mutual_info"", ""abs_corr"", ""logistic_l1"", ""ebm"", ""lambdamart""]",5,mean_rank_score,False,,fit ranking only on the active training partition
ps_mean_0172,ensemble_5__mutual_info+abs_corr+logistic_l1+sparse_gam_spam+lambdamart,"[""mutual_info"", ""abs_corr"", ""logistic_l1"", ""sparse_gam_spam"", ""lambdamart""]",5,mean_rank_score,False,,fit ranking only on the active training partition
ps_mean_0173,ensemble_5__mutual_info+abs_corr+abess_logistic+lightgbm_gain+ebm,"[""mutual_info"", ""abs_corr"", ""abess_logistic"", ""lightgbm_gain"", ""ebm""]",5,mean_rank_score,False,,fit ranking only on the active training partition
ps_mean_0174,ensemble_5__mutual_info+abs_corr+abess_logistic+lightgbm_gain+sparse_gam_spam,"[""mutual_info"", ""abs_corr"", ""abess_logistic"", ""lightgbm_gain"", ""sparse_gam_spam""]",5,mean_rank_score,False,,fit ranking only on the active training partition
ps_mean_0175,ensemble_5__mutual_info+abs_corr+abess_logistic+lightgbm_gain+lambdamart,"[""mutual_info"", ""abs_corr"", ""abess_logistic"", ""lightgbm_gain"", ""lambdamart""]",5,mean_rank_score,False,,fit ranking only on the active training partition
ps_mean_0176,ensemble_5__mutual_info+abs_corr+abess_logistic+ebm+sparse_gam_spam,"[""mutual_info"", ""abs_corr"", ""abess_logistic"", ""ebm"", ""sparse_gam_spam""]",5,mean_rank_score,False,,fit ranking only on the active training partition
ps_mean_0177,ensemble_5__mutual_info+abs_corr+abess_logistic+ebm+lambdamart,"[""mutual_info"", ""abs_corr"", ""abess_logistic"", ""ebm"", ""lambdamart""]",5,mean_rank_score,False,,fit ranking only on the active training partition
ps_mean_0178,ensemble_5__mutual_info+abs_corr+abess_logistic+sparse_gam_spam+lambdamart,"[""mutual_info"", ""abs_corr"", ""abess_logistic"", ""sparse_gam_spam"", ""lambdamart""]",5,mean_rank_score,False,,fit ranking only on the active training partition
ps_mean_0179,ensemble_5__mutual_info+abs_corr+lightgbm_gain+ebm+sparse_gam_spam,"[""mutual_info"", ""abs_corr"", ""lightgbm_gain"", ""ebm"", ""sparse_gam_spam""]",5,mean_rank_score,False,,fit ranking only on the active training partition
ps_mean_0180,ensemble_5__mutual_info+abs_corr+lightgbm_gain+ebm+lambdamart,"[""mutual_info"", ""abs_corr"", ""lightgbm_gain"", ""ebm"", ""lambdamart""]",5,mean_rank_score,False,,fit ranking only on the active training partition
ps_mean_0181,ensemble_5__mutual_info+abs_corr+lightgbm_gain+sparse_gam_spam+lambdamart,"[""mutual_info"", ""abs_corr"", ""lightgbm_gain"", ""sparse_gam_spam"", ""lambdamart""]",5,mean_rank_score,False,,fit ranking only on the active training partition
ps_mean_0182,ensemble_5__mutual_info+abs_corr+ebm+sparse_gam_spam+lambdamart,"[""mutual_info"", ""abs_corr"", ""ebm"", ""sparse_gam_spam"", ""lambdamart""]",5,mean_rank_score,False,,fit ranking only on the active training partition
ps_mean_0183,ensemble_5__mutual_info+logistic_l1+abess_logistic+lightgbm_gain+ebm,"[""mutual_info"", ""logistic_l1"", ""abess_logistic"", ""lightgbm_gain"", ""ebm""]",5,mean_rank_score,False,,fit ranking only on the active training partition
ps_mean_0184,ensemble_5__mutual_info+logistic_l1+abess_logistic+lightgbm_gain+sparse_gam_spam,"[""mutual_info"", ""logistic_l1"", ""abess_logistic"", ""lightgbm_gain"", ""sparse_gam_spam""]",5,mean_rank_score,False,,fit ranking only on the active training partition
ps_mean_0185,ensemble_5__mutual_info+logistic_l1+abess_logistic+lightgbm_gain+lambdamart,"[""mutual_info"", ""logistic_l1"", ""abess_logistic"", ""lightgbm_gain"", ""lambdamart""]",5,mean_rank_score,False,,fit ranking only on the active training partition
ps_mean_0186,ensemble_5__mutual_info+logistic_l1+abess_logistic+ebm+sparse_gam_spam,"[""mutual_info"", ""logistic_l1"", ""abess_logistic"", ""ebm"", ""sparse_gam_spam""]",5,mean_rank_score,False,,fit ranking only on the active training partition
ps_mean_0187,ensemble_5__mutual_info+logistic_l1+abess_logistic+ebm+lambdamart,"[""mutual_info"", ""logistic_l1"", ""abess_logistic"", ""ebm"", ""lambdamart""]",5,mean_rank_score,False,,fit ranking only on the active training partition
ps_mean_0188,ensemble_5__mutual_info+logistic_l1+abess_logistic+sparse_gam_spam+lambdamart,"[""mutual_info"", ""logistic_l1"", ""abess_logistic"", ""sparse_gam_spam"", ""lambdamart""]",5,mean_rank_score,False,,fit ranking only on the active training partition
ps_mean_0189,ensemble_5__mutual_info+logistic_l1+lightgbm_gain+ebm+sparse_gam_spam,"[""mutual_info"", ""logistic_l1"", ""lightgbm_gain"", ""ebm"", ""sparse_gam_spam""]",5,mean_rank_score,False,,fit ranking only on the active training partition
ps_mean_0190,ensemble_5__mutual_info+logistic_l1+lightgbm_gain+ebm+lambdamart,"[""mutual_info"", ""logistic_l1"", ""lightgbm_gain"", ""ebm"", ""lambdamart""]",5,mean_rank_score,False,,fit ranking only on the active training partition
ps_mean_0191,ensemble_5__mutual_info+logistic_l1+lightgbm_gain+sparse_gam_spam+lambdamart,"[""mutual_info"", ""logistic_l1"", ""lightgbm_gain"", ""sparse_gam_spam"", ""lambdamart""]",5,mean_rank_score,False,,fit ranking only on the active training partition
ps_mean_0192,ensemble_5__mutual_info+logistic_l1+ebm+sparse_gam_spam+lambdamart,"[""mutual_info"", ""logistic_l1"", ""ebm"", ""sparse_gam_spam"", ""lambdamart""]",5,mean_rank_score,False,,fit ranking only on the active training partition
ps_mean_0193,ensemble_5__mutual_info+abess_logistic+lightgbm_gain+ebm+sparse_gam_spam,"[""mutual_info"", ""abess_logistic"", ""lightgbm_gain"", ""ebm"", ""sparse_gam_spam""]",5,mean_rank_score,False,,fit ranking only on the active training partition
ps_mean_0194,ensemble_5__mutual_info+abess_logistic+lightgbm_gain+ebm+lambdamart,"[""mutual_info"", ""abess_logistic"", ""lightgbm_gain"", ""ebm"", ""lambdamart""]",5,mean_rank_score,False,,fit ranking only on the active training partition
ps_mean_0195,ensemble_5__mutual_info+abess_logistic+lightgbm_gain+sparse_gam_spam+lambdamart,"[""mutual_info"", ""abess_logistic"", ""lightgbm_gain"", ""sparse_gam_spam"", ""lambdamart""]",5,mean_rank_score,False,,fit ranking only on the active training partition
ps_mean_0196,ensemble_5__mutual_info+abess_logistic+ebm+sparse_gam_spam+lambdamart,"[""mutual_info"", ""abess_logistic"", ""ebm"", ""sparse_gam_spam"", ""lambdamart""]",5,mean_rank_score,False,,fit ranking only on the active training partition
ps_mean_0197,ensemble_5__mutual_info+lightgbm_gain+ebm+sparse_gam_spam+lambdamart,"[""mutual_info"", ""lightgbm_gain"", ""ebm"", ""sparse_gam_spam"", ""lambdamart""]",5,mean_rank_score,False,,fit ranking only on the active training partition
ps_mean_0198,ensemble_5__abs_corr+logistic_l1+abess_logistic+lightgbm_gain+ebm,"[""abs_corr"", ""logistic_l1"", ""abess_logistic"", ""lightgbm_gain"", ""ebm""]",5,mean_rank_score,False,,fit ranking only on the active training partition
ps_mean_0199,ensemble_5__abs_corr+logistic_l1+abess_logistic+lightgbm_gain+sparse_gam_spam,"[""abs_corr"", ""logistic_l1"", ""abess_logistic"", ""lightgbm_gain"", ""sparse_gam_spam""]",5,mean_rank_score,False,,fit ranking only on the active training partition
ps_mean_0200,ensemble_5__abs_corr+logistic_l1+abess_logistic+lightgbm_gain+lambdamart,"[""abs_corr"", ""logistic_l1"", ""abess_logistic"", ""lightgbm_gain"", ""lambdamart""]",5,mean_rank_score,False,,fit ranking only on the active training partition
ps_mean_0201,ensemble_5__abs_corr+logistic_l1+abess_logistic+ebm+sparse_gam_spam,"[""abs_corr"", ""logistic_l1"", ""abess_logistic"", ""ebm"", ""sparse_gam_spam""]",5,mean_rank_score,False,,fit ranking only on the active training partition
ps_mean_0202,ensemble_5__abs_corr+logistic_l1+abess_logistic+ebm+lambdamart,"[""abs_corr"", ""logistic_l1"", ""abess_logistic"", ""ebm"", ""lambdamart""]",5,mean_rank_score,False,,fit ranking only on the active training partition
ps_mean_0203,ensemble_5__abs_corr+logistic_l1+abess_logistic+sparse_gam_spam+lambdamart,"[""abs_corr"", ""logistic_l1"", ""abess_logistic"", ""sparse_gam_spam"", ""lambdamart""]",5,mean_rank_score,False,,fit ranking only on the active training partition
ps_mean_0204,ensemble_5__abs_corr+logistic_l1+lightgbm_gain+ebm+sparse_gam_spam,"[""abs_corr"", ""logistic_l1"", ""lightgbm_gain"", ""ebm"", ""sparse_gam_spam""]",5,mean_rank_score,False,,fit ranking only on the active training partition
ps_mean_0205,ensemble_5__abs_corr+logistic_l1+lightgbm_gain+ebm+lambdamart,"[""abs_corr"", ""logistic_l1"", ""lightgbm_gain"", ""ebm"", ""lambdamart""]",5,mean_rank_score,False,,fit ranking only on the active training partition
ps_mean_0206,ensemble_5__abs_corr+logistic_l1+lightgbm_gain+sparse_gam_spam+lambdamart,"[""abs_corr"", ""logistic_l1"", ""lightgbm_gain"", ""sparse_gam_spam"", ""lambdamart""]",5,mean_rank_score,False,,fit ranking only on the active training partition
ps_mean_0207,ensemble_5__abs_corr+logistic_l1+ebm+sparse_gam_spam+lambdamart,"[""abs_corr"", ""logistic_l1"", ""ebm"", ""sparse_gam_spam"", ""lambdamart""]",5,mean_rank_score,False,,fit ranking only on the active training partition
ps_mean_0208,ensemble_5__abs_corr+abess_logistic+lightgbm_gain+ebm+sparse_gam_spam,"[""abs_corr"", ""abess_logistic"", ""lightgbm_gain"", ""ebm"", ""sparse_gam_spam""]",5,mean_rank_score,False,,fit ranking only on the active training partition
ps_mean_0209,ensemble_5__abs_corr+abess_logistic+lightgbm_gain+ebm+lambdamart,"[""abs_corr"", ""abess_logistic"", ""lightgbm_gain"", ""ebm"", ""lambdamart""]",5,mean_rank_score,False,,fit ranking only on the active training partition
ps_mean_0210,ensemble_5__abs_corr+abess_logistic+lightgbm_gain+sparse_gam_spam+lambdamart,"[""abs_corr"", ""abess_logistic"", ""lightgbm_gain"", ""sparse_gam_spam"", ""lambdamart""]",5,mean_rank_score,False,,fit ranking only on the active training partition
ps_mean_0211,ensemble_5__abs_corr+abess_logistic+ebm+sparse_gam_spam+lambdamart,"[""abs_corr"", ""abess_logistic"", ""ebm"", ""sparse_gam_spam"", ""lambdamart""]",5,mean_rank_score,False,,fit ranking only on the active training partition
ps_mean_0212,ensemble_5__abs_corr+lightgbm_gain+ebm+sparse_gam_spam+lambdamart,"[""abs_corr"", ""lightgbm_gain"", ""ebm"", ""sparse_gam_spam"", ""lambdamart""]",5,mean_rank_score,False,,fit ranking only on the active training partition
ps_mean_0213,ensemble_5__logistic_l1+abess_logistic+lightgbm_gain+ebm+sparse_gam_spam,"[""logistic_l1"", ""abess_logistic"", ""lightgbm_gain"", ""ebm"", ""sparse_gam_spam""]",5,mean_rank_score,False,,fit ranking only on the active training partition
ps_mean_0214,ensemble_5__logistic_l1+abess_logistic+lightgbm_gain+ebm+lambdamart,"[""logistic_l1"", ""abess_logistic"", ""lightgbm_gain"", ""ebm"", ""lambdamart""]",5,mean_rank_score,False,,fit ranking only on the active training partition
ps_mean_0215,ensemble_5__logistic_l1+abess_logistic+lightgbm_gain+sparse_gam_spam+lambdamart,"[""logistic_l1"", ""abess_logistic"", ""lightgbm_gain"", ""sparse_gam_spam"", ""lambdamart""]",5,mean_rank_score,False,,fit ranking only on the active training partition
ps_mean_0216,ensemble_5__logistic_l1+abess_logistic+ebm+sparse_gam_spam+lambdamart,"[""logistic_l1"", ""abess_logistic"", ""ebm"", ""sparse_gam_spam"", ""lambdamart""]",5,mean_rank_score,False,,fit ranking only on the active training partition
ps_mean_0217,ensemble_5__logistic_l1+lightgbm_gain+ebm+sparse_gam_spam+lambdamart,"[""logistic_l1"", ""lightgbm_gain"", ""ebm"", ""sparse_gam_spam"", ""lambdamart""]",5,mean_rank_score,False,,fit ranking only on the active training partition
ps_mean_0218,ensemble_5__abess_logistic+lightgbm_gain+ebm+sparse_gam_spam+lambdamart,"[""abess_logistic"", ""lightgbm_gain"", ""ebm"", ""sparse_gam_spam"", ""lambdamart""]",5,mean_rank_score,False,,fit ranking only on the active training partition
ps_mean_0219,ensemble_6__mutual_info+abs_corr+logistic_l1+abess_logistic+lightgbm_gain+ebm,"[""mutual_info"", ""abs_corr"", ""logistic_l1"", ""abess_logistic"", ""lightgbm_gain"", ""ebm""]",6,mean_rank_score,False,,fit ranking only on the active training partition
ps_mean_0220,ensemble_6__mutual_info+abs_corr+logistic_l1+abess_logistic+lightgbm_gain+sparse_gam_spam,"[""mutual_info"", ""abs_corr"", ""logistic_l1"", ""abess_logistic"", ""lightgbm_gain"", ""sparse_gam_spam""]",6,mean_rank_score,False,,fit ranking only on the active training partition
ps_mean_0221,ensemble_6__mutual_info+abs_corr+logistic_l1+abess_logistic+lightgbm_gain+lambdamart,"[""mutual_info"", ""abs_corr"", ""logistic_l1"", ""abess_logistic"", ""lightgbm_gain"", ""lambdamart""]",6,mean_rank_score,False,,fit ranking only on the active training partition
ps_mean_0222,ensemble_6__mutual_info+abs_corr+logistic_l1+abess_logistic+ebm+sparse_gam_spam,"[""mutual_info"", ""abs_corr"", ""logistic_l1"", ""abess_logistic"", ""ebm"", ""sparse_gam_spam""]",6,mean_rank_score,False,,fit ranking only on the active training partition
ps_mean_0223,ensemble_6__mutual_info+abs_corr+logistic_l1+abess_logistic+ebm+lambdamart,"[""mutual_info"", ""abs_corr"", ""logistic_l1"", ""abess_logistic"", ""ebm"", ""lambdamart""]",6,mean_rank_score,False,,fit ranking only on the active training partition
ps_mean_0224,ensemble_6__mutual_info+abs_corr+logistic_l1+abess_logistic+sparse_gam_spam+lambdamart,"[""mutual_info"", ""abs_corr"", ""logistic_l1"", ""abess_logistic"", ""sparse_gam_spam"", ""lambdamart""]",6,mean_rank_score,False,,fit ranking only on the active training partition
ps_mean_0225,ensemble_6__mutual_info+abs_corr+logistic_l1+lightgbm_gain+ebm+sparse_gam_spam,"[""mutual_info"", ""abs_corr"", ""logistic_l1"", ""lightgbm_gain"", ""ebm"", ""sparse_gam_spam""]",6,mean_rank_score,False,,fit ranking only on the active training partition
ps_mean_0226,ensemble_6__mutual_info+abs_corr+logistic_l1+lightgbm_gain+ebm+lambdamart,"[""mutual_info"", ""abs_corr"", ""logistic_l1"", ""lightgbm_gain"", ""ebm"", ""lambdamart""]",6,mean_rank_score,False,,fit ranking only on the active training partition
ps_mean_0227,ensemble_6__mutual_info+abs_corr+logistic_l1+lightgbm_gain+sparse_gam_spam+lambdamart,"[""mutual_info"", ""abs_corr"", ""logistic_l1"", ""lightgbm_gain"", ""sparse_gam_spam"", ""lambdamart""]",6,mean_rank_score,False,,fit ranking only on the active training partition
ps_mean_0228,ensemble_6__mutual_info+abs_corr+logistic_l1+ebm+sparse_gam_spam+lambdamart,"[""mutual_info"", ""abs_corr"", ""logistic_l1"", ""ebm"", ""sparse_gam_spam"", ""lambdamart""]",6,mean_rank_score,False,,fit ranking only on the active training partition
ps_mean_0229,ensemble_6__mutual_info+abs_corr+abess_logistic+lightgbm_gain+ebm+sparse_gam_spam,"[""mutual_info"", ""abs_corr"", ""abess_logistic"", ""lightgbm_gain"", ""ebm"", ""sparse_gam_spam""]",6,mean_rank_score,False,,fit ranking only on the active training partition
ps_mean_0230,ensemble_6__mutual_info+abs_corr+abess_logistic+lightgbm_gain+ebm+lambdamart,"[""mutual_info"", ""abs_corr"", ""abess_logistic"", ""lightgbm_gain"", ""ebm"", ""lambdamart""]",6,mean_rank_score,False,,fit ranking only on the active training partition
ps_mean_0231,ensemble_6__mutual_info+abs_corr+abess_logistic+lightgbm_gain+sparse_gam_spam+lambdamart,"[""mutual_info"", ""abs_corr"", ""abess_logistic"", ""lightgbm_gain"", ""sparse_gam_spam"", ""lambdamart""]",6,mean_rank_score,False,,fit ranking only on the active training partition
ps_mean_0232,ensemble_6__mutual_info+abs_corr+abess_logistic+ebm+sparse_gam_spam+lambdamart,"[""mutual_info"", ""abs_corr"", ""abess_logistic"", ""ebm"", ""sparse_gam_spam"", ""lambdamart""]",6,mean_rank_score,False,,fit ranking only on the active training partition
ps_mean_0233,ensemble_6__mutual_info+abs_corr+lightgbm_gain+ebm+sparse_gam_spam+lambdamart,"[""mutual_info"", ""abs_corr"", ""lightgbm_gain"", ""ebm"", ""sparse_gam_spam"", ""lambdamart""]",6,mean_rank_score,False,,fit ranking only on the active training partition
ps_mean_0234,ensemble_6__mutual_info+logistic_l1+abess_logistic+lightgbm_gain+ebm+sparse_gam_spam,"[""mutual_info"", ""logistic_l1"", ""abess_logistic"", ""lightgbm_gain"", ""ebm"", ""sparse_gam_spam""]",6,mean_rank_score,False,,fit ranking only on the active training partition
ps_mean_0235,ensemble_6__mutual_info+logistic_l1+abess_logistic+lightgbm_gain+ebm+lambdamart,"[""mutual_info"", ""logistic_l1"", ""abess_logistic"", ""lightgbm_gain"", ""ebm"", ""lambdamart""]",6,mean_rank_score,False,,fit ranking only on the active training partition
ps_mean_0236,ensemble_6__mutual_info+logistic_l1+abess_logistic+lightgbm_gain+sparse_gam_spam+lambdamart,"[""mutual_info"", ""logistic_l1"", ""abess_logistic"", ""lightgbm_gain"", ""sparse_gam_spam"", ""lambdamart""]",6,mean_rank_score,False,,fit ranking only on the active training partition
ps_mean_0237,ensemble_6__mutual_info+logistic_l1+abess_logistic+ebm+sparse_gam_spam+lambdamart,"[""mutual_info"", ""logistic_l1"", ""abess_logistic"", ""ebm"", ""sparse_gam_spam"", ""lambdamart""]",6,mean_rank_score,False,,fit ranking only on the active training partition
ps_mean_0238,ensemble_6__mutual_info+logistic_l1+lightgbm_gain+ebm+sparse_gam_spam+lambdamart,"[""mutual_info"", ""logistic_l1"", ""lightgbm_gain"", ""ebm"", ""sparse_gam_spam"", ""lambdamart""]",6,mean_rank_score,False,,fit ranking only on the active training partition
ps_mean_0239,ensemble_6__mutual_info+abess_logistic+lightgbm_gain+ebm+sparse_gam_spam+lambdamart,"[""mutual_info"", ""abess_logistic"", ""lightgbm_gain"", ""ebm"", ""sparse_gam_spam"", ""lambdamart""]",6,mean_rank_score,False,,fit ranking only on the active training partition
ps_mean_0240,ensemble_6__abs_corr+logistic_l1+abess_logistic+lightgbm_gain+ebm+sparse_gam_spam,"[""abs_corr"", ""logistic_l1"", ""abess_logistic"", ""lightgbm_gain"", ""ebm"", ""sparse_gam_spam""]",6,mean_rank_score,False,,fit ranking only on the active training partition
ps_mean_0241,ensemble_6__abs_corr+logistic_l1+abess_logistic+lightgbm_gain+ebm+lambdamart,"[""abs_corr"", ""logistic_l1"", ""abess_logistic"", ""lightgbm_gain"", ""ebm"", ""lambdamart""]",6,mean_rank_score,False,,fit ranking only on the active training partition
ps_mean_0242,ensemble_6__abs_corr+logistic_l1+abess_logistic+lightgbm_gain+sparse_gam_spam+lambdamart,"[""abs_corr"", ""logistic_l1"", ""abess_logistic"", ""lightgbm_gain"", ""sparse_gam_spam"", ""lambdamart""]",6,mean_rank_score,False,,fit ranking only on the active training partition
ps_mean_0243,ensemble_6__abs_corr+logistic_l1+abess_logistic+ebm+sparse_gam_spam+lambdamart,"[""abs_corr"", ""logistic_l1"", ""abess_logistic"", ""ebm"", ""sparse_gam_spam"", ""lambdamart""]",6,mean_rank_score,False,,fit ranking only on the active training partition
ps_mean_0244,ensemble_6__abs_corr+logistic_l1+lightgbm_gain+ebm+sparse_gam_spam+lambdamart,"[""abs_corr"", ""logistic_l1"", ""lightgbm_gain"", ""ebm"", ""sparse_gam_spam"", ""lambdamart""]",6,mean_rank_score,False,,fit ranking only on the active training partition
ps_mean_0245,ensemble_6__abs_corr+abess_logistic+lightgbm_gain+ebm+sparse_gam_spam+lambdamart,"[""abs_corr"", ""abess_logistic"", ""lightgbm_gain"", ""ebm"", ""sparse_gam_spam"", ""lambdamart""]",6,mean_rank_score,False,,fit ranking only on the active training partition
ps_mean_0246,ensemble_6__logistic_l1+abess_logistic+lightgbm_gain+ebm+sparse_gam_spam+lambdamart,"[""logistic_l1"", ""abess_logistic"", ""lightgbm_gain"", ""ebm"", ""sparse_gam_spam"", ""lambdamart""]",6,mean_rank_score,False,,fit ranking only on the active training partition
ps_mean_0247,ensemble_7__mutual_info+abs_corr+logistic_l1+abess_logistic+lightgbm_gain+ebm+sparse_gam_spam,"[""mutual_info"", ""abs_corr"", ""logistic_l1"", ""abess_logistic"", ""lightgbm_gain"", ""ebm"", ""sparse_gam_spam""]",7,mean_rank_score,False,,fit ranking only on the active training partition
ps_mean_0248,ensemble_7__mutual_info+abs_corr+logistic_l1+abess_logistic+lightgbm_gain+ebm+lambdamart,"[""mutual_info"", ""abs_corr"", ""logistic_l1"", ""abess_logistic"", ""lightgbm_gain"", ""ebm"", ""lambdamart""]",7,mean_rank_score,False,,fit ranking only on the active training partition
ps_mean_0249,ensemble_7__mutual_info+abs_corr+logistic_l1+abess_logistic+lightgbm_gain+sparse_gam_spam+lambdamart,"[""mutual_info"", ""abs_corr"", ""logistic_l1"", ""abess_logistic"", ""lightgbm_gain"", ""sparse_gam_spam"", ""lambdamart""]",7,mean_rank_score,False,,fit ranking only on the active training partition
ps_mean_0250,ensemble_7__mutual_info+abs_corr+logistic_l1+abess_logistic+ebm+sparse_gam_spam+lambdamart,"[""mutual_info"", ""abs_corr"", ""logistic_l1"", ""abess_logistic"", ""ebm"", ""sparse_gam_spam"", ""lambdamart""]",7,mean_rank_score,False,,fit ranking only on the active training partition
ps_mean_0251,ensemble_7__mutual_info+abs_corr+logistic_l1+lightgbm_gain+ebm+sparse_gam_spam+lambdamart,"[""mutual_info"", ""abs_corr"", ""logistic_l1"", ""lightgbm_gain"", ""ebm"", ""sparse_gam_spam"", ""lambdamart""]",7,mean_rank_score,False,,fit ranking only on the active training partition
ps_mean_0252,ensemble_7__mutual_info+abs_corr+abess_logistic+lightgbm_gain+ebm+sparse_gam_spam+lambdamart,"[""mutual_info"", ""abs_corr"", ""abess_logistic"", ""lightgbm_gain"", ""ebm"", ""sparse_gam_spam"", ""lambdamart""]",7,mean_rank_score,False,,fit ranking only on the active training partition
ps_mean_0253,ensemble_7__mutual_info+logistic_l1+abess_logistic+lightgbm_gain+ebm+sparse_gam_spam+lambdamart,"[""mutual_info"", ""logistic_l1"", ""abess_logistic"", ""lightgbm_gain"", ""ebm"", ""sparse_gam_spam"", ""lambdamart""]",7,mean_rank_score,False,,fit ranking only on the active training partition
ps_mean_0254,ensemble_7__abs_corr+logistic_l1+abess_logistic+lightgbm_gain+ebm+sparse_gam_spam+lambdamart,"[""abs_corr"", ""logistic_l1"", ""abess_logistic"", ""lightgbm_gain"", ""ebm"", ""sparse_gam_spam"", ""lambdamart""]",7,mean_rank_score,False,,fit ranking only on the active training partition
ps_mean_0255,all__mutual_info+abs_corr+logistic_l1+abess_logistic+lightgbm_gain+ebm+sparse_gam_spam+lambdamart,"[""mutual_info"", ""abs_corr"", ""logistic_l1"", ""abess_logistic"", ""lightgbm_gain"", ""ebm"", ""sparse_gam_spam"", ""lambdamart""]",8,mean_rank_score,False,,fit ranking only on the active training partition
ps_weighted_all_train_only,weighted_all__train_only_single_scores,"[""mutual_info"", ""abs_corr"", ""logistic_l1"", ""abess_logistic"", ""lightgbm_gain"", ""ebm"", ""sparse_gam_spam"", ""lambdamart""]",8,train_only_single_score_weighted,True,8.0,derive weights only from inner-training folds
ps_weighted_top5_train_only,weighted_top5__train_only_single_scores,"[""mutual_info"", ""abs_corr"", ""logistic_l1"", ""abess_logistic"", ""lightgbm_gain"", ""ebm"", ""sparse_gam_spam"", ""lambdamart""]",8,train_only_single_score_weighted_top_k,True,5.0,select and weight methods only from inner-training folds
